Metric,overall,gender_priv,gender_priv_correct,gender_priv_incorrect,gender_dis,gender_dis_correct,gender_dis_incorrect,Model_Name,Model_Params,Virny_Random_State,Runtime_in_Mins
Std,0.08826243763815077,0.09194869571763324,0.09445315126546318,0.08520144358178704,0.08630646396332332,0.08813354310574006,0.08134670852825421,TVAE|PREP|RF,"{'memory': None, 'steps': [('TVAE', SDVGenerator(metadata={'METADATA_SPEC_VERSION': 'SINGLE_TABLE_V1',
                       'columns': {'active': {'sdtype': 'categorical'},
                                   'age': {'sdtype': 'numerical'},
                                   'alco': {'sdtype': 'categorical'},
                                   'ap_hi': {'sdtype': 'numerical'},
                                   'ap_lo': {'sdtype': 'numerical'},
                                   'cholesterol': {'sdtype': 'categorical'},
                                   'gender': {'sdtype': 'categorical'},
                                   'gluc': {'sdtype': 'categorical'},
                                   'height': {'sdtype': 'numerical'},
                                   'smoke': {'sdtype': 'categorical'},
                                   'target': {'sdtype': 'categorical'},
                                   'weight': {'sdtype': 'numerical'}}},
             model=<class 'sdv.single_table.ctgan.TVAESynthesizer'>,
             model_params={'epochs': 1000}, random_state=1608637542)), ('PREP', ColumnTransformer(force_int_remainder_cols=False, remainder=StandardScaler(),
                  transformers=[('OHE',
                                 OneHotEncoder(handle_unknown='infrequent_if_exist',
                                               sparse_output=False),
                                 ['gender', 'cholesterol', 'gluc', 'smoke',
                                  'alco', 'active'])])), ('RF', RandomForestClassifier(criterion='entropy', max_depth=10, n_estimators=1000,
                       random_state=1608637542))], 'verbose': False, 'TVAE': SDVGenerator(metadata={'METADATA_SPEC_VERSION': 'SINGLE_TABLE_V1',
                       'columns': {'active': {'sdtype': 'categorical'},
                                   'age': {'sdtype': 'numerical'},
                                   'alco': {'sdtype': 'categorical'},
                                   'ap_hi': {'sdtype': 'numerical'},
                                   'ap_lo': {'sdtype': 'numerical'},
                                   'cholesterol': {'sdtype': 'categorical'},
                                   'gender': {'sdtype': 'categorical'},
                                   'gluc': {'sdtype': 'categorical'},
                                   'height': {'sdtype': 'numerical'},
                                   'smoke': {'sdtype': 'categorical'},
                                   'target': {'sdtype': 'categorical'},
                                   'weight': {'sdtype': 'numerical'}}},
             model=<class 'sdv.single_table.ctgan.TVAESynthesizer'>,
             model_params={'epochs': 1000}, random_state=1608637542), 'PREP': ColumnTransformer(force_int_remainder_cols=False, remainder=StandardScaler(),
                  transformers=[('OHE',
                                 OneHotEncoder(handle_unknown='infrequent_if_exist',
                                               sparse_output=False),
                                 ['gender', 'cholesterol', 'gluc', 'smoke',
                                  'alco', 'active'])]), 'RF': RandomForestClassifier(criterion='entropy', max_depth=10, n_estimators=1000,
                       random_state=1608637542), 'TVAE__constraints': None, 'TVAE__metadata': {'columns': {'age': {'sdtype': 'numerical'}, 'gender': {'sdtype': 'categorical'}, 'height': {'sdtype': 'numerical'}, 'weight': {'sdtype': 'numerical'}, 'ap_hi': {'sdtype': 'numerical'}, 'ap_lo': {'sdtype': 'numerical'}, 'cholesterol': {'sdtype': 'categorical'}, 'gluc': {'sdtype': 'categorical'}, 'smoke': {'sdtype': 'categorical'}, 'alco': {'sdtype': 'categorical'}, 'active': {'sdtype': 'categorical'}, 'target': {'sdtype': 'categorical'}}, 'METADATA_SPEC_VERSION': 'SINGLE_TABLE_V1'}, 'TVAE__model': <class 'sdv.single_table.ctgan.TVAESynthesizer'>, 'TVAE__model_params': {'epochs': 1000}, 'TVAE__n_rows': None, 'TVAE__random_state': 1608637542, 'PREP__force_int_remainder_cols': False, 'PREP__n_jobs': None, 'PREP__remainder__copy': True, 'PREP__remainder__with_mean': True, 'PREP__remainder__with_std': True, 'PREP__remainder': StandardScaler(), 'PREP__sparse_threshold': 0.3, 'PREP__transformer_weights': None, 'PREP__transformers': [('OHE', OneHotEncoder(handle_unknown='infrequent_if_exist', sparse_output=False), ['gender', 'cholesterol', 'gluc', 'smoke', 'alco', 'active'])], 'PREP__verbose': False, 'PREP__verbose_feature_names_out': True, 'PREP__OHE': OneHotEncoder(handle_unknown='infrequent_if_exist', sparse_output=False), 'PREP__OHE__categories': 'auto', 'PREP__OHE__drop': None, 'PREP__OHE__dtype': <class 'numpy.float64'>, 'PREP__OHE__feature_name_combiner': 'concat', 'PREP__OHE__handle_unknown': 'infrequent_if_exist', 'PREP__OHE__max_categories': None, 'PREP__OHE__min_frequency': None, 'PREP__OHE__sparse_output': False, 'RF__bootstrap': True, 'RF__ccp_alpha': 0.0, 'RF__class_weight': None, 'RF__criterion': 'entropy', 'RF__max_depth': 10, 'RF__max_features': 'sqrt', 'RF__max_leaf_nodes': None, 'RF__max_samples': None, 'RF__min_impurity_decrease': 0.0, 'RF__min_samples_leaf': 1, 'RF__min_samples_split': 2, 'RF__min_weight_fraction_leaf': 0.0, 'RF__monotonic_cst': None, 'RF__n_estimators': 1000, 'RF__n_jobs': None, 'RF__oob_score': False, 'RF__random_state': 1608637542, 'RF__verbose': 0, 'RF__warm_start': False}",42,154.0271009
Overall_Uncertainty,0.8821951449085866,0.88113741459563,0.8659540742315741,0.9220428424397866,0.8827563895644412,0.8669352244827973,0.9257042333009836,TVAE|PREP|RF,"{'memory': None, 'steps': [('TVAE', SDVGenerator(metadata={'METADATA_SPEC_VERSION': 'SINGLE_TABLE_V1',
                       'columns': {'active': {'sdtype': 'categorical'},
                                   'age': {'sdtype': 'numerical'},
                                   'alco': {'sdtype': 'categorical'},
                                   'ap_hi': {'sdtype': 'numerical'},
                                   'ap_lo': {'sdtype': 'numerical'},
                                   'cholesterol': {'sdtype': 'categorical'},
                                   'gender': {'sdtype': 'categorical'},
                                   'gluc': {'sdtype': 'categorical'},
                                   'height': {'sdtype': 'numerical'},
                                   'smoke': {'sdtype': 'categorical'},
                                   'target': {'sdtype': 'categorical'},
                                   'weight': {'sdtype': 'numerical'}}},
             model=<class 'sdv.single_table.ctgan.TVAESynthesizer'>,
             model_params={'epochs': 1000}, random_state=1608637542)), ('PREP', ColumnTransformer(force_int_remainder_cols=False, remainder=StandardScaler(),
                  transformers=[('OHE',
                                 OneHotEncoder(handle_unknown='infrequent_if_exist',
                                               sparse_output=False),
                                 ['gender', 'cholesterol', 'gluc', 'smoke',
                                  'alco', 'active'])])), ('RF', RandomForestClassifier(criterion='entropy', max_depth=10, n_estimators=1000,
                       random_state=1608637542))], 'verbose': False, 'TVAE': SDVGenerator(metadata={'METADATA_SPEC_VERSION': 'SINGLE_TABLE_V1',
                       'columns': {'active': {'sdtype': 'categorical'},
                                   'age': {'sdtype': 'numerical'},
                                   'alco': {'sdtype': 'categorical'},
                                   'ap_hi': {'sdtype': 'numerical'},
                                   'ap_lo': {'sdtype': 'numerical'},
                                   'cholesterol': {'sdtype': 'categorical'},
                                   'gender': {'sdtype': 'categorical'},
                                   'gluc': {'sdtype': 'categorical'},
                                   'height': {'sdtype': 'numerical'},
                                   'smoke': {'sdtype': 'categorical'},
                                   'target': {'sdtype': 'categorical'},
                                   'weight': {'sdtype': 'numerical'}}},
             model=<class 'sdv.single_table.ctgan.TVAESynthesizer'>,
             model_params={'epochs': 1000}, random_state=1608637542), 'PREP': ColumnTransformer(force_int_remainder_cols=False, remainder=StandardScaler(),
                  transformers=[('OHE',
                                 OneHotEncoder(handle_unknown='infrequent_if_exist',
                                               sparse_output=False),
                                 ['gender', 'cholesterol', 'gluc', 'smoke',
                                  'alco', 'active'])]), 'RF': RandomForestClassifier(criterion='entropy', max_depth=10, n_estimators=1000,
                       random_state=1608637542), 'TVAE__constraints': None, 'TVAE__metadata': {'columns': {'age': {'sdtype': 'numerical'}, 'gender': {'sdtype': 'categorical'}, 'height': {'sdtype': 'numerical'}, 'weight': {'sdtype': 'numerical'}, 'ap_hi': {'sdtype': 'numerical'}, 'ap_lo': {'sdtype': 'numerical'}, 'cholesterol': {'sdtype': 'categorical'}, 'gluc': {'sdtype': 'categorical'}, 'smoke': {'sdtype': 'categorical'}, 'alco': {'sdtype': 'categorical'}, 'active': {'sdtype': 'categorical'}, 'target': {'sdtype': 'categorical'}}, 'METADATA_SPEC_VERSION': 'SINGLE_TABLE_V1'}, 'TVAE__model': <class 'sdv.single_table.ctgan.TVAESynthesizer'>, 'TVAE__model_params': {'epochs': 1000}, 'TVAE__n_rows': None, 'TVAE__random_state': 1608637542, 'PREP__force_int_remainder_cols': False, 'PREP__n_jobs': None, 'PREP__remainder__copy': True, 'PREP__remainder__with_mean': True, 'PREP__remainder__with_std': True, 'PREP__remainder': StandardScaler(), 'PREP__sparse_threshold': 0.3, 'PREP__transformer_weights': None, 'PREP__transformers': [('OHE', OneHotEncoder(handle_unknown='infrequent_if_exist', sparse_output=False), ['gender', 'cholesterol', 'gluc', 'smoke', 'alco', 'active'])], 'PREP__verbose': False, 'PREP__verbose_feature_names_out': True, 'PREP__OHE': OneHotEncoder(handle_unknown='infrequent_if_exist', sparse_output=False), 'PREP__OHE__categories': 'auto', 'PREP__OHE__drop': None, 'PREP__OHE__dtype': <class 'numpy.float64'>, 'PREP__OHE__feature_name_combiner': 'concat', 'PREP__OHE__handle_unknown': 'infrequent_if_exist', 'PREP__OHE__max_categories': None, 'PREP__OHE__min_frequency': None, 'PREP__OHE__sparse_output': False, 'RF__bootstrap': True, 'RF__ccp_alpha': 0.0, 'RF__class_weight': None, 'RF__criterion': 'entropy', 'RF__max_depth': 10, 'RF__max_features': 'sqrt', 'RF__max_leaf_nodes': None, 'RF__max_samples': None, 'RF__min_impurity_decrease': 0.0, 'RF__min_samples_leaf': 1, 'RF__min_samples_split': 2, 'RF__min_weight_fraction_leaf': 0.0, 'RF__monotonic_cst': None, 'RF__n_estimators': 1000, 'RF__n_jobs': None, 'RF__oob_score': False, 'RF__random_state': 1608637542, 'RF__verbose': 0, 'RF__warm_start': False}",42,154.0271009
Statistical_Bias,0.3997642193987861,0.4007850410811201,0.31557741387696203,0.6303428566078502,0.3992225589142823,0.31553722991427546,0.6263932138177807,TVAE|PREP|RF,"{'memory': None, 'steps': [('TVAE', SDVGenerator(metadata={'METADATA_SPEC_VERSION': 'SINGLE_TABLE_V1',
                       'columns': {'active': {'sdtype': 'categorical'},
                                   'age': {'sdtype': 'numerical'},
                                   'alco': {'sdtype': 'categorical'},
                                   'ap_hi': {'sdtype': 'numerical'},
                                   'ap_lo': {'sdtype': 'numerical'},
                                   'cholesterol': {'sdtype': 'categorical'},
                                   'gender': {'sdtype': 'categorical'},
                                   'gluc': {'sdtype': 'categorical'},
                                   'height': {'sdtype': 'numerical'},
                                   'smoke': {'sdtype': 'categorical'},
                                   'target': {'sdtype': 'categorical'},
                                   'weight': {'sdtype': 'numerical'}}},
             model=<class 'sdv.single_table.ctgan.TVAESynthesizer'>,
             model_params={'epochs': 1000}, random_state=1608637542)), ('PREP', ColumnTransformer(force_int_remainder_cols=False, remainder=StandardScaler(),
                  transformers=[('OHE',
                                 OneHotEncoder(handle_unknown='infrequent_if_exist',
                                               sparse_output=False),
                                 ['gender', 'cholesterol', 'gluc', 'smoke',
                                  'alco', 'active'])])), ('RF', RandomForestClassifier(criterion='entropy', max_depth=10, n_estimators=1000,
                       random_state=1608637542))], 'verbose': False, 'TVAE': SDVGenerator(metadata={'METADATA_SPEC_VERSION': 'SINGLE_TABLE_V1',
                       'columns': {'active': {'sdtype': 'categorical'},
                                   'age': {'sdtype': 'numerical'},
                                   'alco': {'sdtype': 'categorical'},
                                   'ap_hi': {'sdtype': 'numerical'},
                                   'ap_lo': {'sdtype': 'numerical'},
                                   'cholesterol': {'sdtype': 'categorical'},
                                   'gender': {'sdtype': 'categorical'},
                                   'gluc': {'sdtype': 'categorical'},
                                   'height': {'sdtype': 'numerical'},
                                   'smoke': {'sdtype': 'categorical'},
                                   'target': {'sdtype': 'categorical'},
                                   'weight': {'sdtype': 'numerical'}}},
             model=<class 'sdv.single_table.ctgan.TVAESynthesizer'>,
             model_params={'epochs': 1000}, random_state=1608637542), 'PREP': ColumnTransformer(force_int_remainder_cols=False, remainder=StandardScaler(),
                  transformers=[('OHE',
                                 OneHotEncoder(handle_unknown='infrequent_if_exist',
                                               sparse_output=False),
                                 ['gender', 'cholesterol', 'gluc', 'smoke',
                                  'alco', 'active'])]), 'RF': RandomForestClassifier(criterion='entropy', max_depth=10, n_estimators=1000,
                       random_state=1608637542), 'TVAE__constraints': None, 'TVAE__metadata': {'columns': {'age': {'sdtype': 'numerical'}, 'gender': {'sdtype': 'categorical'}, 'height': {'sdtype': 'numerical'}, 'weight': {'sdtype': 'numerical'}, 'ap_hi': {'sdtype': 'numerical'}, 'ap_lo': {'sdtype': 'numerical'}, 'cholesterol': {'sdtype': 'categorical'}, 'gluc': {'sdtype': 'categorical'}, 'smoke': {'sdtype': 'categorical'}, 'alco': {'sdtype': 'categorical'}, 'active': {'sdtype': 'categorical'}, 'target': {'sdtype': 'categorical'}}, 'METADATA_SPEC_VERSION': 'SINGLE_TABLE_V1'}, 'TVAE__model': <class 'sdv.single_table.ctgan.TVAESynthesizer'>, 'TVAE__model_params': {'epochs': 1000}, 'TVAE__n_rows': None, 'TVAE__random_state': 1608637542, 'PREP__force_int_remainder_cols': False, 'PREP__n_jobs': None, 'PREP__remainder__copy': True, 'PREP__remainder__with_mean': True, 'PREP__remainder__with_std': True, 'PREP__remainder': StandardScaler(), 'PREP__sparse_threshold': 0.3, 'PREP__transformer_weights': None, 'PREP__transformers': [('OHE', OneHotEncoder(handle_unknown='infrequent_if_exist', sparse_output=False), ['gender', 'cholesterol', 'gluc', 'smoke', 'alco', 'active'])], 'PREP__verbose': False, 'PREP__verbose_feature_names_out': True, 'PREP__OHE': OneHotEncoder(handle_unknown='infrequent_if_exist', sparse_output=False), 'PREP__OHE__categories': 'auto', 'PREP__OHE__drop': None, 'PREP__OHE__dtype': <class 'numpy.float64'>, 'PREP__OHE__feature_name_combiner': 'concat', 'PREP__OHE__handle_unknown': 'infrequent_if_exist', 'PREP__OHE__max_categories': None, 'PREP__OHE__min_frequency': None, 'PREP__OHE__sparse_output': False, 'RF__bootstrap': True, 'RF__ccp_alpha': 0.0, 'RF__class_weight': None, 'RF__criterion': 'entropy', 'RF__max_depth': 10, 'RF__max_features': 'sqrt', 'RF__max_leaf_nodes': None, 'RF__max_samples': None, 'RF__min_impurity_decrease': 0.0, 'RF__min_samples_leaf': 1, 'RF__min_samples_split': 2, 'RF__min_weight_fraction_leaf': 0.0, 'RF__monotonic_cst': None, 'RF__n_estimators': 1000, 'RF__n_jobs': None, 'RF__oob_score': False, 'RF__random_state': 1608637542, 'RF__verbose': 0, 'RF__warm_start': False}",42,154.0271009
IQR,0.0918790372148989,0.09554204267130967,0.0989615288864434,0.08632960698302229,0.08993540166659933,0.09282642305601067,0.08208748817661898,TVAE|PREP|RF,"{'memory': None, 'steps': [('TVAE', SDVGenerator(metadata={'METADATA_SPEC_VERSION': 'SINGLE_TABLE_V1',
                       'columns': {'active': {'sdtype': 'categorical'},
                                   'age': {'sdtype': 'numerical'},
                                   'alco': {'sdtype': 'categorical'},
                                   'ap_hi': {'sdtype': 'numerical'},
                                   'ap_lo': {'sdtype': 'numerical'},
                                   'cholesterol': {'sdtype': 'categorical'},
                                   'gender': {'sdtype': 'categorical'},
                                   'gluc': {'sdtype': 'categorical'},
                                   'height': {'sdtype': 'numerical'},
                                   'smoke': {'sdtype': 'categorical'},
                                   'target': {'sdtype': 'categorical'},
                                   'weight': {'sdtype': 'numerical'}}},
             model=<class 'sdv.single_table.ctgan.TVAESynthesizer'>,
             model_params={'epochs': 1000}, random_state=1608637542)), ('PREP', ColumnTransformer(force_int_remainder_cols=False, remainder=StandardScaler(),
                  transformers=[('OHE',
                                 OneHotEncoder(handle_unknown='infrequent_if_exist',
                                               sparse_output=False),
                                 ['gender', 'cholesterol', 'gluc', 'smoke',
                                  'alco', 'active'])])), ('RF', RandomForestClassifier(criterion='entropy', max_depth=10, n_estimators=1000,
                       random_state=1608637542))], 'verbose': False, 'TVAE': SDVGenerator(metadata={'METADATA_SPEC_VERSION': 'SINGLE_TABLE_V1',
                       'columns': {'active': {'sdtype': 'categorical'},
                                   'age': {'sdtype': 'numerical'},
                                   'alco': {'sdtype': 'categorical'},
                                   'ap_hi': {'sdtype': 'numerical'},
                                   'ap_lo': {'sdtype': 'numerical'},
                                   'cholesterol': {'sdtype': 'categorical'},
                                   'gender': {'sdtype': 'categorical'},
                                   'gluc': {'sdtype': 'categorical'},
                                   'height': {'sdtype': 'numerical'},
                                   'smoke': {'sdtype': 'categorical'},
                                   'target': {'sdtype': 'categorical'},
                                   'weight': {'sdtype': 'numerical'}}},
             model=<class 'sdv.single_table.ctgan.TVAESynthesizer'>,
             model_params={'epochs': 1000}, random_state=1608637542), 'PREP': ColumnTransformer(force_int_remainder_cols=False, remainder=StandardScaler(),
                  transformers=[('OHE',
                                 OneHotEncoder(handle_unknown='infrequent_if_exist',
                                               sparse_output=False),
                                 ['gender', 'cholesterol', 'gluc', 'smoke',
                                  'alco', 'active'])]), 'RF': RandomForestClassifier(criterion='entropy', max_depth=10, n_estimators=1000,
                       random_state=1608637542), 'TVAE__constraints': None, 'TVAE__metadata': {'columns': {'age': {'sdtype': 'numerical'}, 'gender': {'sdtype': 'categorical'}, 'height': {'sdtype': 'numerical'}, 'weight': {'sdtype': 'numerical'}, 'ap_hi': {'sdtype': 'numerical'}, 'ap_lo': {'sdtype': 'numerical'}, 'cholesterol': {'sdtype': 'categorical'}, 'gluc': {'sdtype': 'categorical'}, 'smoke': {'sdtype': 'categorical'}, 'alco': {'sdtype': 'categorical'}, 'active': {'sdtype': 'categorical'}, 'target': {'sdtype': 'categorical'}}, 'METADATA_SPEC_VERSION': 'SINGLE_TABLE_V1'}, 'TVAE__model': <class 'sdv.single_table.ctgan.TVAESynthesizer'>, 'TVAE__model_params': {'epochs': 1000}, 'TVAE__n_rows': None, 'TVAE__random_state': 1608637542, 'PREP__force_int_remainder_cols': False, 'PREP__n_jobs': None, 'PREP__remainder__copy': True, 'PREP__remainder__with_mean': True, 'PREP__remainder__with_std': True, 'PREP__remainder': StandardScaler(), 'PREP__sparse_threshold': 0.3, 'PREP__transformer_weights': None, 'PREP__transformers': [('OHE', OneHotEncoder(handle_unknown='infrequent_if_exist', sparse_output=False), ['gender', 'cholesterol', 'gluc', 'smoke', 'alco', 'active'])], 'PREP__verbose': False, 'PREP__verbose_feature_names_out': True, 'PREP__OHE': OneHotEncoder(handle_unknown='infrequent_if_exist', sparse_output=False), 'PREP__OHE__categories': 'auto', 'PREP__OHE__drop': None, 'PREP__OHE__dtype': <class 'numpy.float64'>, 'PREP__OHE__feature_name_combiner': 'concat', 'PREP__OHE__handle_unknown': 'infrequent_if_exist', 'PREP__OHE__max_categories': None, 'PREP__OHE__min_frequency': None, 'PREP__OHE__sparse_output': False, 'RF__bootstrap': True, 'RF__ccp_alpha': 0.0, 'RF__class_weight': None, 'RF__criterion': 'entropy', 'RF__max_depth': 10, 'RF__max_features': 'sqrt', 'RF__max_leaf_nodes': None, 'RF__max_samples': None, 'RF__min_impurity_decrease': 0.0, 'RF__min_samples_leaf': 1, 'RF__min_samples_split': 2, 'RF__min_weight_fraction_leaf': 0.0, 'RF__monotonic_cst': None, 'RF__n_estimators': 1000, 'RF__n_jobs': None, 'RF__oob_score': False, 'RF__random_state': 1608637542, 'RF__verbose': 0, 'RF__warm_start': False}",42,154.0271009
Mean_Prediction,0.4860949250968022,0.48122386295286473,0.4726603502451916,0.504294817219655,0.48867957031603426,0.48160850438832303,0.5078745558273396,TVAE|PREP|RF,"{'memory': None, 'steps': [('TVAE', SDVGenerator(metadata={'METADATA_SPEC_VERSION': 'SINGLE_TABLE_V1',
                       'columns': {'active': {'sdtype': 'categorical'},
                                   'age': {'sdtype': 'numerical'},
                                   'alco': {'sdtype': 'categorical'},
                                   'ap_hi': {'sdtype': 'numerical'},
                                   'ap_lo': {'sdtype': 'numerical'},
                                   'cholesterol': {'sdtype': 'categorical'},
                                   'gender': {'sdtype': 'categorical'},
                                   'gluc': {'sdtype': 'categorical'},
                                   'height': {'sdtype': 'numerical'},
                                   'smoke': {'sdtype': 'categorical'},
                                   'target': {'sdtype': 'categorical'},
                                   'weight': {'sdtype': 'numerical'}}},
             model=<class 'sdv.single_table.ctgan.TVAESynthesizer'>,
             model_params={'epochs': 1000}, random_state=1608637542)), ('PREP', ColumnTransformer(force_int_remainder_cols=False, remainder=StandardScaler(),
                  transformers=[('OHE',
                                 OneHotEncoder(handle_unknown='infrequent_if_exist',
                                               sparse_output=False),
                                 ['gender', 'cholesterol', 'gluc', 'smoke',
                                  'alco', 'active'])])), ('RF', RandomForestClassifier(criterion='entropy', max_depth=10, n_estimators=1000,
                       random_state=1608637542))], 'verbose': False, 'TVAE': SDVGenerator(metadata={'METADATA_SPEC_VERSION': 'SINGLE_TABLE_V1',
                       'columns': {'active': {'sdtype': 'categorical'},
                                   'age': {'sdtype': 'numerical'},
                                   'alco': {'sdtype': 'categorical'},
                                   'ap_hi': {'sdtype': 'numerical'},
                                   'ap_lo': {'sdtype': 'numerical'},
                                   'cholesterol': {'sdtype': 'categorical'},
                                   'gender': {'sdtype': 'categorical'},
                                   'gluc': {'sdtype': 'categorical'},
                                   'height': {'sdtype': 'numerical'},
                                   'smoke': {'sdtype': 'categorical'},
                                   'target': {'sdtype': 'categorical'},
                                   'weight': {'sdtype': 'numerical'}}},
             model=<class 'sdv.single_table.ctgan.TVAESynthesizer'>,
             model_params={'epochs': 1000}, random_state=1608637542), 'PREP': ColumnTransformer(force_int_remainder_cols=False, remainder=StandardScaler(),
                  transformers=[('OHE',
                                 OneHotEncoder(handle_unknown='infrequent_if_exist',
                                               sparse_output=False),
                                 ['gender', 'cholesterol', 'gluc', 'smoke',
                                  'alco', 'active'])]), 'RF': RandomForestClassifier(criterion='entropy', max_depth=10, n_estimators=1000,
                       random_state=1608637542), 'TVAE__constraints': None, 'TVAE__metadata': {'columns': {'age': {'sdtype': 'numerical'}, 'gender': {'sdtype': 'categorical'}, 'height': {'sdtype': 'numerical'}, 'weight': {'sdtype': 'numerical'}, 'ap_hi': {'sdtype': 'numerical'}, 'ap_lo': {'sdtype': 'numerical'}, 'cholesterol': {'sdtype': 'categorical'}, 'gluc': {'sdtype': 'categorical'}, 'smoke': {'sdtype': 'categorical'}, 'alco': {'sdtype': 'categorical'}, 'active': {'sdtype': 'categorical'}, 'target': {'sdtype': 'categorical'}}, 'METADATA_SPEC_VERSION': 'SINGLE_TABLE_V1'}, 'TVAE__model': <class 'sdv.single_table.ctgan.TVAESynthesizer'>, 'TVAE__model_params': {'epochs': 1000}, 'TVAE__n_rows': None, 'TVAE__random_state': 1608637542, 'PREP__force_int_remainder_cols': False, 'PREP__n_jobs': None, 'PREP__remainder__copy': True, 'PREP__remainder__with_mean': True, 'PREP__remainder__with_std': True, 'PREP__remainder': StandardScaler(), 'PREP__sparse_threshold': 0.3, 'PREP__transformer_weights': None, 'PREP__transformers': [('OHE', OneHotEncoder(handle_unknown='infrequent_if_exist', sparse_output=False), ['gender', 'cholesterol', 'gluc', 'smoke', 'alco', 'active'])], 'PREP__verbose': False, 'PREP__verbose_feature_names_out': True, 'PREP__OHE': OneHotEncoder(handle_unknown='infrequent_if_exist', sparse_output=False), 'PREP__OHE__categories': 'auto', 'PREP__OHE__drop': None, 'PREP__OHE__dtype': <class 'numpy.float64'>, 'PREP__OHE__feature_name_combiner': 'concat', 'PREP__OHE__handle_unknown': 'infrequent_if_exist', 'PREP__OHE__max_categories': None, 'PREP__OHE__min_frequency': None, 'PREP__OHE__sparse_output': False, 'RF__bootstrap': True, 'RF__ccp_alpha': 0.0, 'RF__class_weight': None, 'RF__criterion': 'entropy', 'RF__max_depth': 10, 'RF__max_features': 'sqrt', 'RF__max_leaf_nodes': None, 'RF__max_samples': None, 'RF__min_impurity_decrease': 0.0, 'RF__min_samples_leaf': 1, 'RF__min_samples_split': 2, 'RF__min_weight_fraction_leaf': 0.0, 'RF__monotonic_cst': None, 'RF__n_estimators': 1000, 'RF__n_jobs': None, 'RF__oob_score': False, 'RF__random_state': 1608637542, 'RF__verbose': 0, 'RF__warm_start': False}",42,154.0271009
Aleatoric_Uncertainty,0.8533373676117166,0.849633962697143,0.8321192921963834,0.896820225614562,0.8553024396072048,0.8377958008610527,0.9028256391529937,TVAE|PREP|RF,"{'memory': None, 'steps': [('TVAE', SDVGenerator(metadata={'METADATA_SPEC_VERSION': 'SINGLE_TABLE_V1',
                       'columns': {'active': {'sdtype': 'categorical'},
                                   'age': {'sdtype': 'numerical'},
                                   'alco': {'sdtype': 'categorical'},
                                   'ap_hi': {'sdtype': 'numerical'},
                                   'ap_lo': {'sdtype': 'numerical'},
                                   'cholesterol': {'sdtype': 'categorical'},
                                   'gender': {'sdtype': 'categorical'},
                                   'gluc': {'sdtype': 'categorical'},
                                   'height': {'sdtype': 'numerical'},
                                   'smoke': {'sdtype': 'categorical'},
                                   'target': {'sdtype': 'categorical'},
                                   'weight': {'sdtype': 'numerical'}}},
             model=<class 'sdv.single_table.ctgan.TVAESynthesizer'>,
             model_params={'epochs': 1000}, random_state=1608637542)), ('PREP', ColumnTransformer(force_int_remainder_cols=False, remainder=StandardScaler(),
                  transformers=[('OHE',
                                 OneHotEncoder(handle_unknown='infrequent_if_exist',
                                               sparse_output=False),
                                 ['gender', 'cholesterol', 'gluc', 'smoke',
                                  'alco', 'active'])])), ('RF', RandomForestClassifier(criterion='entropy', max_depth=10, n_estimators=1000,
                       random_state=1608637542))], 'verbose': False, 'TVAE': SDVGenerator(metadata={'METADATA_SPEC_VERSION': 'SINGLE_TABLE_V1',
                       'columns': {'active': {'sdtype': 'categorical'},
                                   'age': {'sdtype': 'numerical'},
                                   'alco': {'sdtype': 'categorical'},
                                   'ap_hi': {'sdtype': 'numerical'},
                                   'ap_lo': {'sdtype': 'numerical'},
                                   'cholesterol': {'sdtype': 'categorical'},
                                   'gender': {'sdtype': 'categorical'},
                                   'gluc': {'sdtype': 'categorical'},
                                   'height': {'sdtype': 'numerical'},
                                   'smoke': {'sdtype': 'categorical'},
                                   'target': {'sdtype': 'categorical'},
                                   'weight': {'sdtype': 'numerical'}}},
             model=<class 'sdv.single_table.ctgan.TVAESynthesizer'>,
             model_params={'epochs': 1000}, random_state=1608637542), 'PREP': ColumnTransformer(force_int_remainder_cols=False, remainder=StandardScaler(),
                  transformers=[('OHE',
                                 OneHotEncoder(handle_unknown='infrequent_if_exist',
                                               sparse_output=False),
                                 ['gender', 'cholesterol', 'gluc', 'smoke',
                                  'alco', 'active'])]), 'RF': RandomForestClassifier(criterion='entropy', max_depth=10, n_estimators=1000,
                       random_state=1608637542), 'TVAE__constraints': None, 'TVAE__metadata': {'columns': {'age': {'sdtype': 'numerical'}, 'gender': {'sdtype': 'categorical'}, 'height': {'sdtype': 'numerical'}, 'weight': {'sdtype': 'numerical'}, 'ap_hi': {'sdtype': 'numerical'}, 'ap_lo': {'sdtype': 'numerical'}, 'cholesterol': {'sdtype': 'categorical'}, 'gluc': {'sdtype': 'categorical'}, 'smoke': {'sdtype': 'categorical'}, 'alco': {'sdtype': 'categorical'}, 'active': {'sdtype': 'categorical'}, 'target': {'sdtype': 'categorical'}}, 'METADATA_SPEC_VERSION': 'SINGLE_TABLE_V1'}, 'TVAE__model': <class 'sdv.single_table.ctgan.TVAESynthesizer'>, 'TVAE__model_params': {'epochs': 1000}, 'TVAE__n_rows': None, 'TVAE__random_state': 1608637542, 'PREP__force_int_remainder_cols': False, 'PREP__n_jobs': None, 'PREP__remainder__copy': True, 'PREP__remainder__with_mean': True, 'PREP__remainder__with_std': True, 'PREP__remainder': StandardScaler(), 'PREP__sparse_threshold': 0.3, 'PREP__transformer_weights': None, 'PREP__transformers': [('OHE', OneHotEncoder(handle_unknown='infrequent_if_exist', sparse_output=False), ['gender', 'cholesterol', 'gluc', 'smoke', 'alco', 'active'])], 'PREP__verbose': False, 'PREP__verbose_feature_names_out': True, 'PREP__OHE': OneHotEncoder(handle_unknown='infrequent_if_exist', sparse_output=False), 'PREP__OHE__categories': 'auto', 'PREP__OHE__drop': None, 'PREP__OHE__dtype': <class 'numpy.float64'>, 'PREP__OHE__feature_name_combiner': 'concat', 'PREP__OHE__handle_unknown': 'infrequent_if_exist', 'PREP__OHE__max_categories': None, 'PREP__OHE__min_frequency': None, 'PREP__OHE__sparse_output': False, 'RF__bootstrap': True, 'RF__ccp_alpha': 0.0, 'RF__class_weight': None, 'RF__criterion': 'entropy', 'RF__max_depth': 10, 'RF__max_features': 'sqrt', 'RF__max_leaf_nodes': None, 'RF__max_samples': None, 'RF__min_impurity_decrease': 0.0, 'RF__min_samples_leaf': 1, 'RF__min_samples_split': 2, 'RF__min_weight_fraction_leaf': 0.0, 'RF__monotonic_cst': None, 'RF__n_estimators': 1000, 'RF__n_jobs': None, 'RF__oob_score': False, 'RF__random_state': 1608637542, 'RF__verbose': 0, 'RF__warm_start': False}",42,154.0271009
Epistemic_Uncertainty,0.028857777296870002,0.03150345189848702,0.03383478203519075,0.025222616825224642,0.02745394995723649,0.029139423621744598,0.022878594147989872,TVAE|PREP|RF,"{'memory': None, 'steps': [('TVAE', SDVGenerator(metadata={'METADATA_SPEC_VERSION': 'SINGLE_TABLE_V1',
                       'columns': {'active': {'sdtype': 'categorical'},
                                   'age': {'sdtype': 'numerical'},
                                   'alco': {'sdtype': 'categorical'},
                                   'ap_hi': {'sdtype': 'numerical'},
                                   'ap_lo': {'sdtype': 'numerical'},
                                   'cholesterol': {'sdtype': 'categorical'},
                                   'gender': {'sdtype': 'categorical'},
                                   'gluc': {'sdtype': 'categorical'},
                                   'height': {'sdtype': 'numerical'},
                                   'smoke': {'sdtype': 'categorical'},
                                   'target': {'sdtype': 'categorical'},
                                   'weight': {'sdtype': 'numerical'}}},
             model=<class 'sdv.single_table.ctgan.TVAESynthesizer'>,
             model_params={'epochs': 1000}, random_state=1608637542)), ('PREP', ColumnTransformer(force_int_remainder_cols=False, remainder=StandardScaler(),
                  transformers=[('OHE',
                                 OneHotEncoder(handle_unknown='infrequent_if_exist',
                                               sparse_output=False),
                                 ['gender', 'cholesterol', 'gluc', 'smoke',
                                  'alco', 'active'])])), ('RF', RandomForestClassifier(criterion='entropy', max_depth=10, n_estimators=1000,
                       random_state=1608637542))], 'verbose': False, 'TVAE': SDVGenerator(metadata={'METADATA_SPEC_VERSION': 'SINGLE_TABLE_V1',
                       'columns': {'active': {'sdtype': 'categorical'},
                                   'age': {'sdtype': 'numerical'},
                                   'alco': {'sdtype': 'categorical'},
                                   'ap_hi': {'sdtype': 'numerical'},
                                   'ap_lo': {'sdtype': 'numerical'},
                                   'cholesterol': {'sdtype': 'categorical'},
                                   'gender': {'sdtype': 'categorical'},
                                   'gluc': {'sdtype': 'categorical'},
                                   'height': {'sdtype': 'numerical'},
                                   'smoke': {'sdtype': 'categorical'},
                                   'target': {'sdtype': 'categorical'},
                                   'weight': {'sdtype': 'numerical'}}},
             model=<class 'sdv.single_table.ctgan.TVAESynthesizer'>,
             model_params={'epochs': 1000}, random_state=1608637542), 'PREP': ColumnTransformer(force_int_remainder_cols=False, remainder=StandardScaler(),
                  transformers=[('OHE',
                                 OneHotEncoder(handle_unknown='infrequent_if_exist',
                                               sparse_output=False),
                                 ['gender', 'cholesterol', 'gluc', 'smoke',
                                  'alco', 'active'])]), 'RF': RandomForestClassifier(criterion='entropy', max_depth=10, n_estimators=1000,
                       random_state=1608637542), 'TVAE__constraints': None, 'TVAE__metadata': {'columns': {'age': {'sdtype': 'numerical'}, 'gender': {'sdtype': 'categorical'}, 'height': {'sdtype': 'numerical'}, 'weight': {'sdtype': 'numerical'}, 'ap_hi': {'sdtype': 'numerical'}, 'ap_lo': {'sdtype': 'numerical'}, 'cholesterol': {'sdtype': 'categorical'}, 'gluc': {'sdtype': 'categorical'}, 'smoke': {'sdtype': 'categorical'}, 'alco': {'sdtype': 'categorical'}, 'active': {'sdtype': 'categorical'}, 'target': {'sdtype': 'categorical'}}, 'METADATA_SPEC_VERSION': 'SINGLE_TABLE_V1'}, 'TVAE__model': <class 'sdv.single_table.ctgan.TVAESynthesizer'>, 'TVAE__model_params': {'epochs': 1000}, 'TVAE__n_rows': None, 'TVAE__random_state': 1608637542, 'PREP__force_int_remainder_cols': False, 'PREP__n_jobs': None, 'PREP__remainder__copy': True, 'PREP__remainder__with_mean': True, 'PREP__remainder__with_std': True, 'PREP__remainder': StandardScaler(), 'PREP__sparse_threshold': 0.3, 'PREP__transformer_weights': None, 'PREP__transformers': [('OHE', OneHotEncoder(handle_unknown='infrequent_if_exist', sparse_output=False), ['gender', 'cholesterol', 'gluc', 'smoke', 'alco', 'active'])], 'PREP__verbose': False, 'PREP__verbose_feature_names_out': True, 'PREP__OHE': OneHotEncoder(handle_unknown='infrequent_if_exist', sparse_output=False), 'PREP__OHE__categories': 'auto', 'PREP__OHE__drop': None, 'PREP__OHE__dtype': <class 'numpy.float64'>, 'PREP__OHE__feature_name_combiner': 'concat', 'PREP__OHE__handle_unknown': 'infrequent_if_exist', 'PREP__OHE__max_categories': None, 'PREP__OHE__min_frequency': None, 'PREP__OHE__sparse_output': False, 'RF__bootstrap': True, 'RF__ccp_alpha': 0.0, 'RF__class_weight': None, 'RF__criterion': 'entropy', 'RF__max_depth': 10, 'RF__max_features': 'sqrt', 'RF__max_leaf_nodes': None, 'RF__max_samples': None, 'RF__min_impurity_decrease': 0.0, 'RF__min_samples_leaf': 1, 'RF__min_samples_split': 2, 'RF__min_weight_fraction_leaf': 0.0, 'RF__monotonic_cst': None, 'RF__n_estimators': 1000, 'RF__n_jobs': None, 'RF__oob_score': False, 'RF__random_state': 1608637542, 'RF__verbose': 0, 'RF__warm_start': False}",42,154.0271009
Label_Stability,0.8386010928961748,0.8174863387978143,0.8443804034582133,0.7450310559006211,0.8498048399687744,0.8792003662444682,0.7700082850041424,TVAE|PREP|RF,"{'memory': None, 'steps': [('TVAE', SDVGenerator(metadata={'METADATA_SPEC_VERSION': 'SINGLE_TABLE_V1',
                       'columns': {'active': {'sdtype': 'categorical'},
                                   'age': {'sdtype': 'numerical'},
                                   'alco': {'sdtype': 'categorical'},
                                   'ap_hi': {'sdtype': 'numerical'},
                                   'ap_lo': {'sdtype': 'numerical'},
                                   'cholesterol': {'sdtype': 'categorical'},
                                   'gender': {'sdtype': 'categorical'},
                                   'gluc': {'sdtype': 'categorical'},
                                   'height': {'sdtype': 'numerical'},
                                   'smoke': {'sdtype': 'categorical'},
                                   'target': {'sdtype': 'categorical'},
                                   'weight': {'sdtype': 'numerical'}}},
             model=<class 'sdv.single_table.ctgan.TVAESynthesizer'>,
             model_params={'epochs': 1000}, random_state=1608637542)), ('PREP', ColumnTransformer(force_int_remainder_cols=False, remainder=StandardScaler(),
                  transformers=[('OHE',
                                 OneHotEncoder(handle_unknown='infrequent_if_exist',
                                               sparse_output=False),
                                 ['gender', 'cholesterol', 'gluc', 'smoke',
                                  'alco', 'active'])])), ('RF', RandomForestClassifier(criterion='entropy', max_depth=10, n_estimators=1000,
                       random_state=1608637542))], 'verbose': False, 'TVAE': SDVGenerator(metadata={'METADATA_SPEC_VERSION': 'SINGLE_TABLE_V1',
                       'columns': {'active': {'sdtype': 'categorical'},
                                   'age': {'sdtype': 'numerical'},
                                   'alco': {'sdtype': 'categorical'},
                                   'ap_hi': {'sdtype': 'numerical'},
                                   'ap_lo': {'sdtype': 'numerical'},
                                   'cholesterol': {'sdtype': 'categorical'},
                                   'gender': {'sdtype': 'categorical'},
                                   'gluc': {'sdtype': 'categorical'},
                                   'height': {'sdtype': 'numerical'},
                                   'smoke': {'sdtype': 'categorical'},
                                   'target': {'sdtype': 'categorical'},
                                   'weight': {'sdtype': 'numerical'}}},
             model=<class 'sdv.single_table.ctgan.TVAESynthesizer'>,
             model_params={'epochs': 1000}, random_state=1608637542), 'PREP': ColumnTransformer(force_int_remainder_cols=False, remainder=StandardScaler(),
                  transformers=[('OHE',
                                 OneHotEncoder(handle_unknown='infrequent_if_exist',
                                               sparse_output=False),
                                 ['gender', 'cholesterol', 'gluc', 'smoke',
                                  'alco', 'active'])]), 'RF': RandomForestClassifier(criterion='entropy', max_depth=10, n_estimators=1000,
                       random_state=1608637542), 'TVAE__constraints': None, 'TVAE__metadata': {'columns': {'age': {'sdtype': 'numerical'}, 'gender': {'sdtype': 'categorical'}, 'height': {'sdtype': 'numerical'}, 'weight': {'sdtype': 'numerical'}, 'ap_hi': {'sdtype': 'numerical'}, 'ap_lo': {'sdtype': 'numerical'}, 'cholesterol': {'sdtype': 'categorical'}, 'gluc': {'sdtype': 'categorical'}, 'smoke': {'sdtype': 'categorical'}, 'alco': {'sdtype': 'categorical'}, 'active': {'sdtype': 'categorical'}, 'target': {'sdtype': 'categorical'}}, 'METADATA_SPEC_VERSION': 'SINGLE_TABLE_V1'}, 'TVAE__model': <class 'sdv.single_table.ctgan.TVAESynthesizer'>, 'TVAE__model_params': {'epochs': 1000}, 'TVAE__n_rows': None, 'TVAE__random_state': 1608637542, 'PREP__force_int_remainder_cols': False, 'PREP__n_jobs': None, 'PREP__remainder__copy': True, 'PREP__remainder__with_mean': True, 'PREP__remainder__with_std': True, 'PREP__remainder': StandardScaler(), 'PREP__sparse_threshold': 0.3, 'PREP__transformer_weights': None, 'PREP__transformers': [('OHE', OneHotEncoder(handle_unknown='infrequent_if_exist', sparse_output=False), ['gender', 'cholesterol', 'gluc', 'smoke', 'alco', 'active'])], 'PREP__verbose': False, 'PREP__verbose_feature_names_out': True, 'PREP__OHE': OneHotEncoder(handle_unknown='infrequent_if_exist', sparse_output=False), 'PREP__OHE__categories': 'auto', 'PREP__OHE__drop': None, 'PREP__OHE__dtype': <class 'numpy.float64'>, 'PREP__OHE__feature_name_combiner': 'concat', 'PREP__OHE__handle_unknown': 'infrequent_if_exist', 'PREP__OHE__max_categories': None, 'PREP__OHE__min_frequency': None, 'PREP__OHE__sparse_output': False, 'RF__bootstrap': True, 'RF__ccp_alpha': 0.0, 'RF__class_weight': None, 'RF__criterion': 'entropy', 'RF__max_depth': 10, 'RF__max_features': 'sqrt', 'RF__max_leaf_nodes': None, 'RF__max_samples': None, 'RF__min_impurity_decrease': 0.0, 'RF__min_samples_leaf': 1, 'RF__min_samples_split': 2, 'RF__min_weight_fraction_leaf': 0.0, 'RF__monotonic_cst': None, 'RF__n_estimators': 1000, 'RF__n_jobs': None, 'RF__oob_score': False, 'RF__random_state': 1608637542, 'RF__verbose': 0, 'RF__warm_start': False}",42,154.0271009
Jitter,0.1411584699453552,0.1600252206809584,0.1394236311239193,0.215527950310559,0.13114754098360654,0.10758431252861285,0.19511184755592376,TVAE|PREP|RF,"{'memory': None, 'steps': [('TVAE', SDVGenerator(metadata={'METADATA_SPEC_VERSION': 'SINGLE_TABLE_V1',
                       'columns': {'active': {'sdtype': 'categorical'},
                                   'age': {'sdtype': 'numerical'},
                                   'alco': {'sdtype': 'categorical'},
                                   'ap_hi': {'sdtype': 'numerical'},
                                   'ap_lo': {'sdtype': 'numerical'},
                                   'cholesterol': {'sdtype': 'categorical'},
                                   'gender': {'sdtype': 'categorical'},
                                   'gluc': {'sdtype': 'categorical'},
                                   'height': {'sdtype': 'numerical'},
                                   'smoke': {'sdtype': 'categorical'},
                                   'target': {'sdtype': 'categorical'},
                                   'weight': {'sdtype': 'numerical'}}},
             model=<class 'sdv.single_table.ctgan.TVAESynthesizer'>,
             model_params={'epochs': 1000}, random_state=1608637542)), ('PREP', ColumnTransformer(force_int_remainder_cols=False, remainder=StandardScaler(),
                  transformers=[('OHE',
                                 OneHotEncoder(handle_unknown='infrequent_if_exist',
                                               sparse_output=False),
                                 ['gender', 'cholesterol', 'gluc', 'smoke',
                                  'alco', 'active'])])), ('RF', RandomForestClassifier(criterion='entropy', max_depth=10, n_estimators=1000,
                       random_state=1608637542))], 'verbose': False, 'TVAE': SDVGenerator(metadata={'METADATA_SPEC_VERSION': 'SINGLE_TABLE_V1',
                       'columns': {'active': {'sdtype': 'categorical'},
                                   'age': {'sdtype': 'numerical'},
                                   'alco': {'sdtype': 'categorical'},
                                   'ap_hi': {'sdtype': 'numerical'},
                                   'ap_lo': {'sdtype': 'numerical'},
                                   'cholesterol': {'sdtype': 'categorical'},
                                   'gender': {'sdtype': 'categorical'},
                                   'gluc': {'sdtype': 'categorical'},
                                   'height': {'sdtype': 'numerical'},
                                   'smoke': {'sdtype': 'categorical'},
                                   'target': {'sdtype': 'categorical'},
                                   'weight': {'sdtype': 'numerical'}}},
             model=<class 'sdv.single_table.ctgan.TVAESynthesizer'>,
             model_params={'epochs': 1000}, random_state=1608637542), 'PREP': ColumnTransformer(force_int_remainder_cols=False, remainder=StandardScaler(),
                  transformers=[('OHE',
                                 OneHotEncoder(handle_unknown='infrequent_if_exist',
                                               sparse_output=False),
                                 ['gender', 'cholesterol', 'gluc', 'smoke',
                                  'alco', 'active'])]), 'RF': RandomForestClassifier(criterion='entropy', max_depth=10, n_estimators=1000,
                       random_state=1608637542), 'TVAE__constraints': None, 'TVAE__metadata': {'columns': {'age': {'sdtype': 'numerical'}, 'gender': {'sdtype': 'categorical'}, 'height': {'sdtype': 'numerical'}, 'weight': {'sdtype': 'numerical'}, 'ap_hi': {'sdtype': 'numerical'}, 'ap_lo': {'sdtype': 'numerical'}, 'cholesterol': {'sdtype': 'categorical'}, 'gluc': {'sdtype': 'categorical'}, 'smoke': {'sdtype': 'categorical'}, 'alco': {'sdtype': 'categorical'}, 'active': {'sdtype': 'categorical'}, 'target': {'sdtype': 'categorical'}}, 'METADATA_SPEC_VERSION': 'SINGLE_TABLE_V1'}, 'TVAE__model': <class 'sdv.single_table.ctgan.TVAESynthesizer'>, 'TVAE__model_params': {'epochs': 1000}, 'TVAE__n_rows': None, 'TVAE__random_state': 1608637542, 'PREP__force_int_remainder_cols': False, 'PREP__n_jobs': None, 'PREP__remainder__copy': True, 'PREP__remainder__with_mean': True, 'PREP__remainder__with_std': True, 'PREP__remainder': StandardScaler(), 'PREP__sparse_threshold': 0.3, 'PREP__transformer_weights': None, 'PREP__transformers': [('OHE', OneHotEncoder(handle_unknown='infrequent_if_exist', sparse_output=False), ['gender', 'cholesterol', 'gluc', 'smoke', 'alco', 'active'])], 'PREP__verbose': False, 'PREP__verbose_feature_names_out': True, 'PREP__OHE': OneHotEncoder(handle_unknown='infrequent_if_exist', sparse_output=False), 'PREP__OHE__categories': 'auto', 'PREP__OHE__drop': None, 'PREP__OHE__dtype': <class 'numpy.float64'>, 'PREP__OHE__feature_name_combiner': 'concat', 'PREP__OHE__handle_unknown': 'infrequent_if_exist', 'PREP__OHE__max_categories': None, 'PREP__OHE__min_frequency': None, 'PREP__OHE__sparse_output': False, 'RF__bootstrap': True, 'RF__ccp_alpha': 0.0, 'RF__class_weight': None, 'RF__criterion': 'entropy', 'RF__max_depth': 10, 'RF__max_features': 'sqrt', 'RF__max_leaf_nodes': None, 'RF__max_samples': None, 'RF__min_impurity_decrease': 0.0, 'RF__min_samples_leaf': 1, 'RF__min_samples_split': 2, 'RF__min_weight_fraction_leaf': 0.0, 'RF__monotonic_cst': None, 'RF__n_estimators': 1000, 'RF__n_jobs': None, 'RF__oob_score': False, 'RF__random_state': 1608637542, 'RF__verbose': 0, 'RF__warm_start': False}",42,154.0271009
TPR,0.6652953276520717,0.6788259958071279,1.0,0.0,0.6579959285229586,1.0,0.0,TVAE|PREP|RF,"{'memory': None, 'steps': [('TVAE', SDVGenerator(metadata={'METADATA_SPEC_VERSION': 'SINGLE_TABLE_V1',
                       'columns': {'active': {'sdtype': 'categorical'},
                                   'age': {'sdtype': 'numerical'},
                                   'alco': {'sdtype': 'categorical'},
                                   'ap_hi': {'sdtype': 'numerical'},
                                   'ap_lo': {'sdtype': 'numerical'},
                                   'cholesterol': {'sdtype': 'categorical'},
                                   'gender': {'sdtype': 'categorical'},
                                   'gluc': {'sdtype': 'categorical'},
                                   'height': {'sdtype': 'numerical'},
                                   'smoke': {'sdtype': 'categorical'},
                                   'target': {'sdtype': 'categorical'},
                                   'weight': {'sdtype': 'numerical'}}},
             model=<class 'sdv.single_table.ctgan.TVAESynthesizer'>,
             model_params={'epochs': 1000}, random_state=1608637542)), ('PREP', ColumnTransformer(force_int_remainder_cols=False, remainder=StandardScaler(),
                  transformers=[('OHE',
                                 OneHotEncoder(handle_unknown='infrequent_if_exist',
                                               sparse_output=False),
                                 ['gender', 'cholesterol', 'gluc', 'smoke',
                                  'alco', 'active'])])), ('RF', RandomForestClassifier(criterion='entropy', max_depth=10, n_estimators=1000,
                       random_state=1608637542))], 'verbose': False, 'TVAE': SDVGenerator(metadata={'METADATA_SPEC_VERSION': 'SINGLE_TABLE_V1',
                       'columns': {'active': {'sdtype': 'categorical'},
                                   'age': {'sdtype': 'numerical'},
                                   'alco': {'sdtype': 'categorical'},
                                   'ap_hi': {'sdtype': 'numerical'},
                                   'ap_lo': {'sdtype': 'numerical'},
                                   'cholesterol': {'sdtype': 'categorical'},
                                   'gender': {'sdtype': 'categorical'},
                                   'gluc': {'sdtype': 'categorical'},
                                   'height': {'sdtype': 'numerical'},
                                   'smoke': {'sdtype': 'categorical'},
                                   'target': {'sdtype': 'categorical'},
                                   'weight': {'sdtype': 'numerical'}}},
             model=<class 'sdv.single_table.ctgan.TVAESynthesizer'>,
             model_params={'epochs': 1000}, random_state=1608637542), 'PREP': ColumnTransformer(force_int_remainder_cols=False, remainder=StandardScaler(),
                  transformers=[('OHE',
                                 OneHotEncoder(handle_unknown='infrequent_if_exist',
                                               sparse_output=False),
                                 ['gender', 'cholesterol', 'gluc', 'smoke',
                                  'alco', 'active'])]), 'RF': RandomForestClassifier(criterion='entropy', max_depth=10, n_estimators=1000,
                       random_state=1608637542), 'TVAE__constraints': None, 'TVAE__metadata': {'columns': {'age': {'sdtype': 'numerical'}, 'gender': {'sdtype': 'categorical'}, 'height': {'sdtype': 'numerical'}, 'weight': {'sdtype': 'numerical'}, 'ap_hi': {'sdtype': 'numerical'}, 'ap_lo': {'sdtype': 'numerical'}, 'cholesterol': {'sdtype': 'categorical'}, 'gluc': {'sdtype': 'categorical'}, 'smoke': {'sdtype': 'categorical'}, 'alco': {'sdtype': 'categorical'}, 'active': {'sdtype': 'categorical'}, 'target': {'sdtype': 'categorical'}}, 'METADATA_SPEC_VERSION': 'SINGLE_TABLE_V1'}, 'TVAE__model': <class 'sdv.single_table.ctgan.TVAESynthesizer'>, 'TVAE__model_params': {'epochs': 1000}, 'TVAE__n_rows': None, 'TVAE__random_state': 1608637542, 'PREP__force_int_remainder_cols': False, 'PREP__n_jobs': None, 'PREP__remainder__copy': True, 'PREP__remainder__with_mean': True, 'PREP__remainder__with_std': True, 'PREP__remainder': StandardScaler(), 'PREP__sparse_threshold': 0.3, 'PREP__transformer_weights': None, 'PREP__transformers': [('OHE', OneHotEncoder(handle_unknown='infrequent_if_exist', sparse_output=False), ['gender', 'cholesterol', 'gluc', 'smoke', 'alco', 'active'])], 'PREP__verbose': False, 'PREP__verbose_feature_names_out': True, 'PREP__OHE': OneHotEncoder(handle_unknown='infrequent_if_exist', sparse_output=False), 'PREP__OHE__categories': 'auto', 'PREP__OHE__drop': None, 'PREP__OHE__dtype': <class 'numpy.float64'>, 'PREP__OHE__feature_name_combiner': 'concat', 'PREP__OHE__handle_unknown': 'infrequent_if_exist', 'PREP__OHE__max_categories': None, 'PREP__OHE__min_frequency': None, 'PREP__OHE__sparse_output': False, 'RF__bootstrap': True, 'RF__ccp_alpha': 0.0, 'RF__class_weight': None, 'RF__criterion': 'entropy', 'RF__max_depth': 10, 'RF__max_features': 'sqrt', 'RF__max_leaf_nodes': None, 'RF__max_samples': None, 'RF__min_impurity_decrease': 0.0, 'RF__min_samples_leaf': 1, 'RF__min_samples_split': 2, 'RF__min_weight_fraction_leaf': 0.0, 'RF__monotonic_cst': None, 'RF__n_estimators': 1000, 'RF__n_jobs': None, 'RF__oob_score': False, 'RF__random_state': 1608637542, 'RF__verbose': 0, 'RF__warm_start': False}",42,154.0271009
TNR,0.7941899118369706,0.7800252844500632,1.0,0.0,0.8015838099428069,1.0,0.0,TVAE|PREP|RF,"{'memory': None, 'steps': [('TVAE', SDVGenerator(metadata={'METADATA_SPEC_VERSION': 'SINGLE_TABLE_V1',
                       'columns': {'active': {'sdtype': 'categorical'},
                                   'age': {'sdtype': 'numerical'},
                                   'alco': {'sdtype': 'categorical'},
                                   'ap_hi': {'sdtype': 'numerical'},
                                   'ap_lo': {'sdtype': 'numerical'},
                                   'cholesterol': {'sdtype': 'categorical'},
                                   'gender': {'sdtype': 'categorical'},
                                   'gluc': {'sdtype': 'categorical'},
                                   'height': {'sdtype': 'numerical'},
                                   'smoke': {'sdtype': 'categorical'},
                                   'target': {'sdtype': 'categorical'},
                                   'weight': {'sdtype': 'numerical'}}},
             model=<class 'sdv.single_table.ctgan.TVAESynthesizer'>,
             model_params={'epochs': 1000}, random_state=1608637542)), ('PREP', ColumnTransformer(force_int_remainder_cols=False, remainder=StandardScaler(),
                  transformers=[('OHE',
                                 OneHotEncoder(handle_unknown='infrequent_if_exist',
                                               sparse_output=False),
                                 ['gender', 'cholesterol', 'gluc', 'smoke',
                                  'alco', 'active'])])), ('RF', RandomForestClassifier(criterion='entropy', max_depth=10, n_estimators=1000,
                       random_state=1608637542))], 'verbose': False, 'TVAE': SDVGenerator(metadata={'METADATA_SPEC_VERSION': 'SINGLE_TABLE_V1',
                       'columns': {'active': {'sdtype': 'categorical'},
                                   'age': {'sdtype': 'numerical'},
                                   'alco': {'sdtype': 'categorical'},
                                   'ap_hi': {'sdtype': 'numerical'},
                                   'ap_lo': {'sdtype': 'numerical'},
                                   'cholesterol': {'sdtype': 'categorical'},
                                   'gender': {'sdtype': 'categorical'},
                                   'gluc': {'sdtype': 'categorical'},
                                   'height': {'sdtype': 'numerical'},
                                   'smoke': {'sdtype': 'categorical'},
                                   'target': {'sdtype': 'categorical'},
                                   'weight': {'sdtype': 'numerical'}}},
             model=<class 'sdv.single_table.ctgan.TVAESynthesizer'>,
             model_params={'epochs': 1000}, random_state=1608637542), 'PREP': ColumnTransformer(force_int_remainder_cols=False, remainder=StandardScaler(),
                  transformers=[('OHE',
                                 OneHotEncoder(handle_unknown='infrequent_if_exist',
                                               sparse_output=False),
                                 ['gender', 'cholesterol', 'gluc', 'smoke',
                                  'alco', 'active'])]), 'RF': RandomForestClassifier(criterion='entropy', max_depth=10, n_estimators=1000,
                       random_state=1608637542), 'TVAE__constraints': None, 'TVAE__metadata': {'columns': {'age': {'sdtype': 'numerical'}, 'gender': {'sdtype': 'categorical'}, 'height': {'sdtype': 'numerical'}, 'weight': {'sdtype': 'numerical'}, 'ap_hi': {'sdtype': 'numerical'}, 'ap_lo': {'sdtype': 'numerical'}, 'cholesterol': {'sdtype': 'categorical'}, 'gluc': {'sdtype': 'categorical'}, 'smoke': {'sdtype': 'categorical'}, 'alco': {'sdtype': 'categorical'}, 'active': {'sdtype': 'categorical'}, 'target': {'sdtype': 'categorical'}}, 'METADATA_SPEC_VERSION': 'SINGLE_TABLE_V1'}, 'TVAE__model': <class 'sdv.single_table.ctgan.TVAESynthesizer'>, 'TVAE__model_params': {'epochs': 1000}, 'TVAE__n_rows': None, 'TVAE__random_state': 1608637542, 'PREP__force_int_remainder_cols': False, 'PREP__n_jobs': None, 'PREP__remainder__copy': True, 'PREP__remainder__with_mean': True, 'PREP__remainder__with_std': True, 'PREP__remainder': StandardScaler(), 'PREP__sparse_threshold': 0.3, 'PREP__transformer_weights': None, 'PREP__transformers': [('OHE', OneHotEncoder(handle_unknown='infrequent_if_exist', sparse_output=False), ['gender', 'cholesterol', 'gluc', 'smoke', 'alco', 'active'])], 'PREP__verbose': False, 'PREP__verbose_feature_names_out': True, 'PREP__OHE': OneHotEncoder(handle_unknown='infrequent_if_exist', sparse_output=False), 'PREP__OHE__categories': 'auto', 'PREP__OHE__drop': None, 'PREP__OHE__dtype': <class 'numpy.float64'>, 'PREP__OHE__feature_name_combiner': 'concat', 'PREP__OHE__handle_unknown': 'infrequent_if_exist', 'PREP__OHE__max_categories': None, 'PREP__OHE__min_frequency': None, 'PREP__OHE__sparse_output': False, 'RF__bootstrap': True, 'RF__ccp_alpha': 0.0, 'RF__class_weight': None, 'RF__criterion': 'entropy', 'RF__max_depth': 10, 'RF__max_features': 'sqrt', 'RF__max_leaf_nodes': None, 'RF__max_samples': None, 'RF__min_impurity_decrease': 0.0, 'RF__min_samples_leaf': 1, 'RF__min_samples_split': 2, 'RF__min_weight_fraction_leaf': 0.0, 'RF__monotonic_cst': None, 'RF__n_estimators': 1000, 'RF__n_jobs': None, 'RF__oob_score': False, 'RF__random_state': 1608637542, 'RF__verbose': 0, 'RF__warm_start': False}",42,154.0271009
PPV,0.760752688172043,0.7561886968706212,1.0,0.0,0.7633167147730254,1.0,0.0,TVAE|PREP|RF,"{'memory': None, 'steps': [('TVAE', SDVGenerator(metadata={'METADATA_SPEC_VERSION': 'SINGLE_TABLE_V1',
                       'columns': {'active': {'sdtype': 'categorical'},
                                   'age': {'sdtype': 'numerical'},
                                   'alco': {'sdtype': 'categorical'},
                                   'ap_hi': {'sdtype': 'numerical'},
                                   'ap_lo': {'sdtype': 'numerical'},
                                   'cholesterol': {'sdtype': 'categorical'},
                                   'gender': {'sdtype': 'categorical'},
                                   'gluc': {'sdtype': 'categorical'},
                                   'height': {'sdtype': 'numerical'},
                                   'smoke': {'sdtype': 'categorical'},
                                   'target': {'sdtype': 'categorical'},
                                   'weight': {'sdtype': 'numerical'}}},
             model=<class 'sdv.single_table.ctgan.TVAESynthesizer'>,
             model_params={'epochs': 1000}, random_state=1608637542)), ('PREP', ColumnTransformer(force_int_remainder_cols=False, remainder=StandardScaler(),
                  transformers=[('OHE',
                                 OneHotEncoder(handle_unknown='infrequent_if_exist',
                                               sparse_output=False),
                                 ['gender', 'cholesterol', 'gluc', 'smoke',
                                  'alco', 'active'])])), ('RF', RandomForestClassifier(criterion='entropy', max_depth=10, n_estimators=1000,
                       random_state=1608637542))], 'verbose': False, 'TVAE': SDVGenerator(metadata={'METADATA_SPEC_VERSION': 'SINGLE_TABLE_V1',
                       'columns': {'active': {'sdtype': 'categorical'},
                                   'age': {'sdtype': 'numerical'},
                                   'alco': {'sdtype': 'categorical'},
                                   'ap_hi': {'sdtype': 'numerical'},
                                   'ap_lo': {'sdtype': 'numerical'},
                                   'cholesterol': {'sdtype': 'categorical'},
                                   'gender': {'sdtype': 'categorical'},
                                   'gluc': {'sdtype': 'categorical'},
                                   'height': {'sdtype': 'numerical'},
                                   'smoke': {'sdtype': 'categorical'},
                                   'target': {'sdtype': 'categorical'},
                                   'weight': {'sdtype': 'numerical'}}},
             model=<class 'sdv.single_table.ctgan.TVAESynthesizer'>,
             model_params={'epochs': 1000}, random_state=1608637542), 'PREP': ColumnTransformer(force_int_remainder_cols=False, remainder=StandardScaler(),
                  transformers=[('OHE',
                                 OneHotEncoder(handle_unknown='infrequent_if_exist',
                                               sparse_output=False),
                                 ['gender', 'cholesterol', 'gluc', 'smoke',
                                  'alco', 'active'])]), 'RF': RandomForestClassifier(criterion='entropy', max_depth=10, n_estimators=1000,
                       random_state=1608637542), 'TVAE__constraints': None, 'TVAE__metadata': {'columns': {'age': {'sdtype': 'numerical'}, 'gender': {'sdtype': 'categorical'}, 'height': {'sdtype': 'numerical'}, 'weight': {'sdtype': 'numerical'}, 'ap_hi': {'sdtype': 'numerical'}, 'ap_lo': {'sdtype': 'numerical'}, 'cholesterol': {'sdtype': 'categorical'}, 'gluc': {'sdtype': 'categorical'}, 'smoke': {'sdtype': 'categorical'}, 'alco': {'sdtype': 'categorical'}, 'active': {'sdtype': 'categorical'}, 'target': {'sdtype': 'categorical'}}, 'METADATA_SPEC_VERSION': 'SINGLE_TABLE_V1'}, 'TVAE__model': <class 'sdv.single_table.ctgan.TVAESynthesizer'>, 'TVAE__model_params': {'epochs': 1000}, 'TVAE__n_rows': None, 'TVAE__random_state': 1608637542, 'PREP__force_int_remainder_cols': False, 'PREP__n_jobs': None, 'PREP__remainder__copy': True, 'PREP__remainder__with_mean': True, 'PREP__remainder__with_std': True, 'PREP__remainder': StandardScaler(), 'PREP__sparse_threshold': 0.3, 'PREP__transformer_weights': None, 'PREP__transformers': [('OHE', OneHotEncoder(handle_unknown='infrequent_if_exist', sparse_output=False), ['gender', 'cholesterol', 'gluc', 'smoke', 'alco', 'active'])], 'PREP__verbose': False, 'PREP__verbose_feature_names_out': True, 'PREP__OHE': OneHotEncoder(handle_unknown='infrequent_if_exist', sparse_output=False), 'PREP__OHE__categories': 'auto', 'PREP__OHE__drop': None, 'PREP__OHE__dtype': <class 'numpy.float64'>, 'PREP__OHE__feature_name_combiner': 'concat', 'PREP__OHE__handle_unknown': 'infrequent_if_exist', 'PREP__OHE__max_categories': None, 'PREP__OHE__min_frequency': None, 'PREP__OHE__sparse_output': False, 'RF__bootstrap': True, 'RF__ccp_alpha': 0.0, 'RF__class_weight': None, 'RF__criterion': 'entropy', 'RF__max_depth': 10, 'RF__max_features': 'sqrt', 'RF__max_leaf_nodes': None, 'RF__max_samples': None, 'RF__min_impurity_decrease': 0.0, 'RF__min_samples_leaf': 1, 'RF__min_samples_split': 2, 'RF__min_weight_fraction_leaf': 0.0, 'RF__monotonic_cst': None, 'RF__n_estimators': 1000, 'RF__n_jobs': None, 'RF__oob_score': False, 'RF__random_state': 1608637542, 'RF__verbose': 0, 'RF__warm_start': False}",42,154.0271009
FNR,0.3347046723479283,0.3211740041928721,0.0,1.0,0.34200407147704137,0.0,1.0,TVAE|PREP|RF,"{'memory': None, 'steps': [('TVAE', SDVGenerator(metadata={'METADATA_SPEC_VERSION': 'SINGLE_TABLE_V1',
                       'columns': {'active': {'sdtype': 'categorical'},
                                   'age': {'sdtype': 'numerical'},
                                   'alco': {'sdtype': 'categorical'},
                                   'ap_hi': {'sdtype': 'numerical'},
                                   'ap_lo': {'sdtype': 'numerical'},
                                   'cholesterol': {'sdtype': 'categorical'},
                                   'gender': {'sdtype': 'categorical'},
                                   'gluc': {'sdtype': 'categorical'},
                                   'height': {'sdtype': 'numerical'},
                                   'smoke': {'sdtype': 'categorical'},
                                   'target': {'sdtype': 'categorical'},
                                   'weight': {'sdtype': 'numerical'}}},
             model=<class 'sdv.single_table.ctgan.TVAESynthesizer'>,
             model_params={'epochs': 1000}, random_state=1608637542)), ('PREP', ColumnTransformer(force_int_remainder_cols=False, remainder=StandardScaler(),
                  transformers=[('OHE',
                                 OneHotEncoder(handle_unknown='infrequent_if_exist',
                                               sparse_output=False),
                                 ['gender', 'cholesterol', 'gluc', 'smoke',
                                  'alco', 'active'])])), ('RF', RandomForestClassifier(criterion='entropy', max_depth=10, n_estimators=1000,
                       random_state=1608637542))], 'verbose': False, 'TVAE': SDVGenerator(metadata={'METADATA_SPEC_VERSION': 'SINGLE_TABLE_V1',
                       'columns': {'active': {'sdtype': 'categorical'},
                                   'age': {'sdtype': 'numerical'},
                                   'alco': {'sdtype': 'categorical'},
                                   'ap_hi': {'sdtype': 'numerical'},
                                   'ap_lo': {'sdtype': 'numerical'},
                                   'cholesterol': {'sdtype': 'categorical'},
                                   'gender': {'sdtype': 'categorical'},
                                   'gluc': {'sdtype': 'categorical'},
                                   'height': {'sdtype': 'numerical'},
                                   'smoke': {'sdtype': 'categorical'},
                                   'target': {'sdtype': 'categorical'},
                                   'weight': {'sdtype': 'numerical'}}},
             model=<class 'sdv.single_table.ctgan.TVAESynthesizer'>,
             model_params={'epochs': 1000}, random_state=1608637542), 'PREP': ColumnTransformer(force_int_remainder_cols=False, remainder=StandardScaler(),
                  transformers=[('OHE',
                                 OneHotEncoder(handle_unknown='infrequent_if_exist',
                                               sparse_output=False),
                                 ['gender', 'cholesterol', 'gluc', 'smoke',
                                  'alco', 'active'])]), 'RF': RandomForestClassifier(criterion='entropy', max_depth=10, n_estimators=1000,
                       random_state=1608637542), 'TVAE__constraints': None, 'TVAE__metadata': {'columns': {'age': {'sdtype': 'numerical'}, 'gender': {'sdtype': 'categorical'}, 'height': {'sdtype': 'numerical'}, 'weight': {'sdtype': 'numerical'}, 'ap_hi': {'sdtype': 'numerical'}, 'ap_lo': {'sdtype': 'numerical'}, 'cholesterol': {'sdtype': 'categorical'}, 'gluc': {'sdtype': 'categorical'}, 'smoke': {'sdtype': 'categorical'}, 'alco': {'sdtype': 'categorical'}, 'active': {'sdtype': 'categorical'}, 'target': {'sdtype': 'categorical'}}, 'METADATA_SPEC_VERSION': 'SINGLE_TABLE_V1'}, 'TVAE__model': <class 'sdv.single_table.ctgan.TVAESynthesizer'>, 'TVAE__model_params': {'epochs': 1000}, 'TVAE__n_rows': None, 'TVAE__random_state': 1608637542, 'PREP__force_int_remainder_cols': False, 'PREP__n_jobs': None, 'PREP__remainder__copy': True, 'PREP__remainder__with_mean': True, 'PREP__remainder__with_std': True, 'PREP__remainder': StandardScaler(), 'PREP__sparse_threshold': 0.3, 'PREP__transformer_weights': None, 'PREP__transformers': [('OHE', OneHotEncoder(handle_unknown='infrequent_if_exist', sparse_output=False), ['gender', 'cholesterol', 'gluc', 'smoke', 'alco', 'active'])], 'PREP__verbose': False, 'PREP__verbose_feature_names_out': True, 'PREP__OHE': OneHotEncoder(handle_unknown='infrequent_if_exist', sparse_output=False), 'PREP__OHE__categories': 'auto', 'PREP__OHE__drop': None, 'PREP__OHE__dtype': <class 'numpy.float64'>, 'PREP__OHE__feature_name_combiner': 'concat', 'PREP__OHE__handle_unknown': 'infrequent_if_exist', 'PREP__OHE__max_categories': None, 'PREP__OHE__min_frequency': None, 'PREP__OHE__sparse_output': False, 'RF__bootstrap': True, 'RF__ccp_alpha': 0.0, 'RF__class_weight': None, 'RF__criterion': 'entropy', 'RF__max_depth': 10, 'RF__max_features': 'sqrt', 'RF__max_leaf_nodes': None, 'RF__max_samples': None, 'RF__min_impurity_decrease': 0.0, 'RF__min_samples_leaf': 1, 'RF__min_samples_split': 2, 'RF__min_weight_fraction_leaf': 0.0, 'RF__monotonic_cst': None, 'RF__n_estimators': 1000, 'RF__n_jobs': None, 'RF__oob_score': False, 'RF__random_state': 1608637542, 'RF__verbose': 0, 'RF__warm_start': False}",42,154.0271009
FPR,0.20581008816302934,0.21997471554993678,0.0,1.0,0.19841619005719313,0.0,1.0,TVAE|PREP|RF,"{'memory': None, 'steps': [('TVAE', SDVGenerator(metadata={'METADATA_SPEC_VERSION': 'SINGLE_TABLE_V1',
                       'columns': {'active': {'sdtype': 'categorical'},
                                   'age': {'sdtype': 'numerical'},
                                   'alco': {'sdtype': 'categorical'},
                                   'ap_hi': {'sdtype': 'numerical'},
                                   'ap_lo': {'sdtype': 'numerical'},
                                   'cholesterol': {'sdtype': 'categorical'},
                                   'gender': {'sdtype': 'categorical'},
                                   'gluc': {'sdtype': 'categorical'},
                                   'height': {'sdtype': 'numerical'},
                                   'smoke': {'sdtype': 'categorical'},
                                   'target': {'sdtype': 'categorical'},
                                   'weight': {'sdtype': 'numerical'}}},
             model=<class 'sdv.single_table.ctgan.TVAESynthesizer'>,
             model_params={'epochs': 1000}, random_state=1608637542)), ('PREP', ColumnTransformer(force_int_remainder_cols=False, remainder=StandardScaler(),
                  transformers=[('OHE',
                                 OneHotEncoder(handle_unknown='infrequent_if_exist',
                                               sparse_output=False),
                                 ['gender', 'cholesterol', 'gluc', 'smoke',
                                  'alco', 'active'])])), ('RF', RandomForestClassifier(criterion='entropy', max_depth=10, n_estimators=1000,
                       random_state=1608637542))], 'verbose': False, 'TVAE': SDVGenerator(metadata={'METADATA_SPEC_VERSION': 'SINGLE_TABLE_V1',
                       'columns': {'active': {'sdtype': 'categorical'},
                                   'age': {'sdtype': 'numerical'},
                                   'alco': {'sdtype': 'categorical'},
                                   'ap_hi': {'sdtype': 'numerical'},
                                   'ap_lo': {'sdtype': 'numerical'},
                                   'cholesterol': {'sdtype': 'categorical'},
                                   'gender': {'sdtype': 'categorical'},
                                   'gluc': {'sdtype': 'categorical'},
                                   'height': {'sdtype': 'numerical'},
                                   'smoke': {'sdtype': 'categorical'},
                                   'target': {'sdtype': 'categorical'},
                                   'weight': {'sdtype': 'numerical'}}},
             model=<class 'sdv.single_table.ctgan.TVAESynthesizer'>,
             model_params={'epochs': 1000}, random_state=1608637542), 'PREP': ColumnTransformer(force_int_remainder_cols=False, remainder=StandardScaler(),
                  transformers=[('OHE',
                                 OneHotEncoder(handle_unknown='infrequent_if_exist',
                                               sparse_output=False),
                                 ['gender', 'cholesterol', 'gluc', 'smoke',
                                  'alco', 'active'])]), 'RF': RandomForestClassifier(criterion='entropy', max_depth=10, n_estimators=1000,
                       random_state=1608637542), 'TVAE__constraints': None, 'TVAE__metadata': {'columns': {'age': {'sdtype': 'numerical'}, 'gender': {'sdtype': 'categorical'}, 'height': {'sdtype': 'numerical'}, 'weight': {'sdtype': 'numerical'}, 'ap_hi': {'sdtype': 'numerical'}, 'ap_lo': {'sdtype': 'numerical'}, 'cholesterol': {'sdtype': 'categorical'}, 'gluc': {'sdtype': 'categorical'}, 'smoke': {'sdtype': 'categorical'}, 'alco': {'sdtype': 'categorical'}, 'active': {'sdtype': 'categorical'}, 'target': {'sdtype': 'categorical'}}, 'METADATA_SPEC_VERSION': 'SINGLE_TABLE_V1'}, 'TVAE__model': <class 'sdv.single_table.ctgan.TVAESynthesizer'>, 'TVAE__model_params': {'epochs': 1000}, 'TVAE__n_rows': None, 'TVAE__random_state': 1608637542, 'PREP__force_int_remainder_cols': False, 'PREP__n_jobs': None, 'PREP__remainder__copy': True, 'PREP__remainder__with_mean': True, 'PREP__remainder__with_std': True, 'PREP__remainder': StandardScaler(), 'PREP__sparse_threshold': 0.3, 'PREP__transformer_weights': None, 'PREP__transformers': [('OHE', OneHotEncoder(handle_unknown='infrequent_if_exist', sparse_output=False), ['gender', 'cholesterol', 'gluc', 'smoke', 'alco', 'active'])], 'PREP__verbose': False, 'PREP__verbose_feature_names_out': True, 'PREP__OHE': OneHotEncoder(handle_unknown='infrequent_if_exist', sparse_output=False), 'PREP__OHE__categories': 'auto', 'PREP__OHE__drop': None, 'PREP__OHE__dtype': <class 'numpy.float64'>, 'PREP__OHE__feature_name_combiner': 'concat', 'PREP__OHE__handle_unknown': 'infrequent_if_exist', 'PREP__OHE__max_categories': None, 'PREP__OHE__min_frequency': None, 'PREP__OHE__sparse_output': False, 'RF__bootstrap': True, 'RF__ccp_alpha': 0.0, 'RF__class_weight': None, 'RF__criterion': 'entropy', 'RF__max_depth': 10, 'RF__max_features': 'sqrt', 'RF__max_leaf_nodes': None, 'RF__max_samples': None, 'RF__min_impurity_decrease': 0.0, 'RF__min_samples_leaf': 1, 'RF__min_samples_split': 2, 'RF__min_weight_fraction_leaf': 0.0, 'RF__monotonic_cst': None, 'RF__n_estimators': 1000, 'RF__n_jobs': None, 'RF__oob_score': False, 'RF__random_state': 1608637542, 'RF__verbose': 0, 'RF__warm_start': False}",42,154.0271009
Accuracy,0.7302732240437159,0.7292980243799916,1.0,0.0,0.7307906769265083,1.0,0.0,TVAE|PREP|RF,"{'memory': None, 'steps': [('TVAE', SDVGenerator(metadata={'METADATA_SPEC_VERSION': 'SINGLE_TABLE_V1',
                       'columns': {'active': {'sdtype': 'categorical'},
                                   'age': {'sdtype': 'numerical'},
                                   'alco': {'sdtype': 'categorical'},
                                   'ap_hi': {'sdtype': 'numerical'},
                                   'ap_lo': {'sdtype': 'numerical'},
                                   'cholesterol': {'sdtype': 'categorical'},
                                   'gender': {'sdtype': 'categorical'},
                                   'gluc': {'sdtype': 'categorical'},
                                   'height': {'sdtype': 'numerical'},
                                   'smoke': {'sdtype': 'categorical'},
                                   'target': {'sdtype': 'categorical'},
                                   'weight': {'sdtype': 'numerical'}}},
             model=<class 'sdv.single_table.ctgan.TVAESynthesizer'>,
             model_params={'epochs': 1000}, random_state=1608637542)), ('PREP', ColumnTransformer(force_int_remainder_cols=False, remainder=StandardScaler(),
                  transformers=[('OHE',
                                 OneHotEncoder(handle_unknown='infrequent_if_exist',
                                               sparse_output=False),
                                 ['gender', 'cholesterol', 'gluc', 'smoke',
                                  'alco', 'active'])])), ('RF', RandomForestClassifier(criterion='entropy', max_depth=10, n_estimators=1000,
                       random_state=1608637542))], 'verbose': False, 'TVAE': SDVGenerator(metadata={'METADATA_SPEC_VERSION': 'SINGLE_TABLE_V1',
                       'columns': {'active': {'sdtype': 'categorical'},
                                   'age': {'sdtype': 'numerical'},
                                   'alco': {'sdtype': 'categorical'},
                                   'ap_hi': {'sdtype': 'numerical'},
                                   'ap_lo': {'sdtype': 'numerical'},
                                   'cholesterol': {'sdtype': 'categorical'},
                                   'gender': {'sdtype': 'categorical'},
                                   'gluc': {'sdtype': 'categorical'},
                                   'height': {'sdtype': 'numerical'},
                                   'smoke': {'sdtype': 'categorical'},
                                   'target': {'sdtype': 'categorical'},
                                   'weight': {'sdtype': 'numerical'}}},
             model=<class 'sdv.single_table.ctgan.TVAESynthesizer'>,
             model_params={'epochs': 1000}, random_state=1608637542), 'PREP': ColumnTransformer(force_int_remainder_cols=False, remainder=StandardScaler(),
                  transformers=[('OHE',
                                 OneHotEncoder(handle_unknown='infrequent_if_exist',
                                               sparse_output=False),
                                 ['gender', 'cholesterol', 'gluc', 'smoke',
                                  'alco', 'active'])]), 'RF': RandomForestClassifier(criterion='entropy', max_depth=10, n_estimators=1000,
                       random_state=1608637542), 'TVAE__constraints': None, 'TVAE__metadata': {'columns': {'age': {'sdtype': 'numerical'}, 'gender': {'sdtype': 'categorical'}, 'height': {'sdtype': 'numerical'}, 'weight': {'sdtype': 'numerical'}, 'ap_hi': {'sdtype': 'numerical'}, 'ap_lo': {'sdtype': 'numerical'}, 'cholesterol': {'sdtype': 'categorical'}, 'gluc': {'sdtype': 'categorical'}, 'smoke': {'sdtype': 'categorical'}, 'alco': {'sdtype': 'categorical'}, 'active': {'sdtype': 'categorical'}, 'target': {'sdtype': 'categorical'}}, 'METADATA_SPEC_VERSION': 'SINGLE_TABLE_V1'}, 'TVAE__model': <class 'sdv.single_table.ctgan.TVAESynthesizer'>, 'TVAE__model_params': {'epochs': 1000}, 'TVAE__n_rows': None, 'TVAE__random_state': 1608637542, 'PREP__force_int_remainder_cols': False, 'PREP__n_jobs': None, 'PREP__remainder__copy': True, 'PREP__remainder__with_mean': True, 'PREP__remainder__with_std': True, 'PREP__remainder': StandardScaler(), 'PREP__sparse_threshold': 0.3, 'PREP__transformer_weights': None, 'PREP__transformers': [('OHE', OneHotEncoder(handle_unknown='infrequent_if_exist', sparse_output=False), ['gender', 'cholesterol', 'gluc', 'smoke', 'alco', 'active'])], 'PREP__verbose': False, 'PREP__verbose_feature_names_out': True, 'PREP__OHE': OneHotEncoder(handle_unknown='infrequent_if_exist', sparse_output=False), 'PREP__OHE__categories': 'auto', 'PREP__OHE__drop': None, 'PREP__OHE__dtype': <class 'numpy.float64'>, 'PREP__OHE__feature_name_combiner': 'concat', 'PREP__OHE__handle_unknown': 'infrequent_if_exist', 'PREP__OHE__max_categories': None, 'PREP__OHE__min_frequency': None, 'PREP__OHE__sparse_output': False, 'RF__bootstrap': True, 'RF__ccp_alpha': 0.0, 'RF__class_weight': None, 'RF__criterion': 'entropy', 'RF__max_depth': 10, 'RF__max_features': 'sqrt', 'RF__max_leaf_nodes': None, 'RF__max_samples': None, 'RF__min_impurity_decrease': 0.0, 'RF__min_samples_leaf': 1, 'RF__min_samples_split': 2, 'RF__min_weight_fraction_leaf': 0.0, 'RF__monotonic_cst': None, 'RF__n_estimators': 1000, 'RF__n_jobs': None, 'RF__oob_score': False, 'RF__random_state': 1608637542, 'RF__verbose': 0, 'RF__warm_start': False}",42,154.0271009
F1,0.709829126822386,0.7154220061864781,1.0,0.0,0.706754130223518,1.0,0.0,TVAE|PREP|RF,"{'memory': None, 'steps': [('TVAE', SDVGenerator(metadata={'METADATA_SPEC_VERSION': 'SINGLE_TABLE_V1',
                       'columns': {'active': {'sdtype': 'categorical'},
                                   'age': {'sdtype': 'numerical'},
                                   'alco': {'sdtype': 'categorical'},
                                   'ap_hi': {'sdtype': 'numerical'},
                                   'ap_lo': {'sdtype': 'numerical'},
                                   'cholesterol': {'sdtype': 'categorical'},
                                   'gender': {'sdtype': 'categorical'},
                                   'gluc': {'sdtype': 'categorical'},
                                   'height': {'sdtype': 'numerical'},
                                   'smoke': {'sdtype': 'categorical'},
                                   'target': {'sdtype': 'categorical'},
                                   'weight': {'sdtype': 'numerical'}}},
             model=<class 'sdv.single_table.ctgan.TVAESynthesizer'>,
             model_params={'epochs': 1000}, random_state=1608637542)), ('PREP', ColumnTransformer(force_int_remainder_cols=False, remainder=StandardScaler(),
                  transformers=[('OHE',
                                 OneHotEncoder(handle_unknown='infrequent_if_exist',
                                               sparse_output=False),
                                 ['gender', 'cholesterol', 'gluc', 'smoke',
                                  'alco', 'active'])])), ('RF', RandomForestClassifier(criterion='entropy', max_depth=10, n_estimators=1000,
                       random_state=1608637542))], 'verbose': False, 'TVAE': SDVGenerator(metadata={'METADATA_SPEC_VERSION': 'SINGLE_TABLE_V1',
                       'columns': {'active': {'sdtype': 'categorical'},
                                   'age': {'sdtype': 'numerical'},
                                   'alco': {'sdtype': 'categorical'},
                                   'ap_hi': {'sdtype': 'numerical'},
                                   'ap_lo': {'sdtype': 'numerical'},
                                   'cholesterol': {'sdtype': 'categorical'},
                                   'gender': {'sdtype': 'categorical'},
                                   'gluc': {'sdtype': 'categorical'},
                                   'height': {'sdtype': 'numerical'},
                                   'smoke': {'sdtype': 'categorical'},
                                   'target': {'sdtype': 'categorical'},
                                   'weight': {'sdtype': 'numerical'}}},
             model=<class 'sdv.single_table.ctgan.TVAESynthesizer'>,
             model_params={'epochs': 1000}, random_state=1608637542), 'PREP': ColumnTransformer(force_int_remainder_cols=False, remainder=StandardScaler(),
                  transformers=[('OHE',
                                 OneHotEncoder(handle_unknown='infrequent_if_exist',
                                               sparse_output=False),
                                 ['gender', 'cholesterol', 'gluc', 'smoke',
                                  'alco', 'active'])]), 'RF': RandomForestClassifier(criterion='entropy', max_depth=10, n_estimators=1000,
                       random_state=1608637542), 'TVAE__constraints': None, 'TVAE__metadata': {'columns': {'age': {'sdtype': 'numerical'}, 'gender': {'sdtype': 'categorical'}, 'height': {'sdtype': 'numerical'}, 'weight': {'sdtype': 'numerical'}, 'ap_hi': {'sdtype': 'numerical'}, 'ap_lo': {'sdtype': 'numerical'}, 'cholesterol': {'sdtype': 'categorical'}, 'gluc': {'sdtype': 'categorical'}, 'smoke': {'sdtype': 'categorical'}, 'alco': {'sdtype': 'categorical'}, 'active': {'sdtype': 'categorical'}, 'target': {'sdtype': 'categorical'}}, 'METADATA_SPEC_VERSION': 'SINGLE_TABLE_V1'}, 'TVAE__model': <class 'sdv.single_table.ctgan.TVAESynthesizer'>, 'TVAE__model_params': {'epochs': 1000}, 'TVAE__n_rows': None, 'TVAE__random_state': 1608637542, 'PREP__force_int_remainder_cols': False, 'PREP__n_jobs': None, 'PREP__remainder__copy': True, 'PREP__remainder__with_mean': True, 'PREP__remainder__with_std': True, 'PREP__remainder': StandardScaler(), 'PREP__sparse_threshold': 0.3, 'PREP__transformer_weights': None, 'PREP__transformers': [('OHE', OneHotEncoder(handle_unknown='infrequent_if_exist', sparse_output=False), ['gender', 'cholesterol', 'gluc', 'smoke', 'alco', 'active'])], 'PREP__verbose': False, 'PREP__verbose_feature_names_out': True, 'PREP__OHE': OneHotEncoder(handle_unknown='infrequent_if_exist', sparse_output=False), 'PREP__OHE__categories': 'auto', 'PREP__OHE__drop': None, 'PREP__OHE__dtype': <class 'numpy.float64'>, 'PREP__OHE__feature_name_combiner': 'concat', 'PREP__OHE__handle_unknown': 'infrequent_if_exist', 'PREP__OHE__max_categories': None, 'PREP__OHE__min_frequency': None, 'PREP__OHE__sparse_output': False, 'RF__bootstrap': True, 'RF__ccp_alpha': 0.0, 'RF__class_weight': None, 'RF__criterion': 'entropy', 'RF__max_depth': 10, 'RF__max_features': 'sqrt', 'RF__max_leaf_nodes': None, 'RF__max_samples': None, 'RF__min_impurity_decrease': 0.0, 'RF__min_samples_leaf': 1, 'RF__min_samples_split': 2, 'RF__min_weight_fraction_leaf': 0.0, 'RF__monotonic_cst': None, 'RF__n_estimators': 1000, 'RF__n_jobs': None, 'RF__oob_score': False, 'RF__random_state': 1608637542, 'RF__verbose': 0, 'RF__warm_start': False}",42,154.0271009
Selection-Rate,0.43366120218579235,0.449978982765868,0.4665706051873199,0.4052795031055901,0.42500278800044605,0.4439188158095529,0.3736536868268434,TVAE|PREP|RF,"{'memory': None, 'steps': [('TVAE', SDVGenerator(metadata={'METADATA_SPEC_VERSION': 'SINGLE_TABLE_V1',
                       'columns': {'active': {'sdtype': 'categorical'},
                                   'age': {'sdtype': 'numerical'},
                                   'alco': {'sdtype': 'categorical'},
                                   'ap_hi': {'sdtype': 'numerical'},
                                   'ap_lo': {'sdtype': 'numerical'},
                                   'cholesterol': {'sdtype': 'categorical'},
                                   'gender': {'sdtype': 'categorical'},
                                   'gluc': {'sdtype': 'categorical'},
                                   'height': {'sdtype': 'numerical'},
                                   'smoke': {'sdtype': 'categorical'},
                                   'target': {'sdtype': 'categorical'},
                                   'weight': {'sdtype': 'numerical'}}},
             model=<class 'sdv.single_table.ctgan.TVAESynthesizer'>,
             model_params={'epochs': 1000}, random_state=1608637542)), ('PREP', ColumnTransformer(force_int_remainder_cols=False, remainder=StandardScaler(),
                  transformers=[('OHE',
                                 OneHotEncoder(handle_unknown='infrequent_if_exist',
                                               sparse_output=False),
                                 ['gender', 'cholesterol', 'gluc', 'smoke',
                                  'alco', 'active'])])), ('RF', RandomForestClassifier(criterion='entropy', max_depth=10, n_estimators=1000,
                       random_state=1608637542))], 'verbose': False, 'TVAE': SDVGenerator(metadata={'METADATA_SPEC_VERSION': 'SINGLE_TABLE_V1',
                       'columns': {'active': {'sdtype': 'categorical'},
                                   'age': {'sdtype': 'numerical'},
                                   'alco': {'sdtype': 'categorical'},
                                   'ap_hi': {'sdtype': 'numerical'},
                                   'ap_lo': {'sdtype': 'numerical'},
                                   'cholesterol': {'sdtype': 'categorical'},
                                   'gender': {'sdtype': 'categorical'},
                                   'gluc': {'sdtype': 'categorical'},
                                   'height': {'sdtype': 'numerical'},
                                   'smoke': {'sdtype': 'categorical'},
                                   'target': {'sdtype': 'categorical'},
                                   'weight': {'sdtype': 'numerical'}}},
             model=<class 'sdv.single_table.ctgan.TVAESynthesizer'>,
             model_params={'epochs': 1000}, random_state=1608637542), 'PREP': ColumnTransformer(force_int_remainder_cols=False, remainder=StandardScaler(),
                  transformers=[('OHE',
                                 OneHotEncoder(handle_unknown='infrequent_if_exist',
                                               sparse_output=False),
                                 ['gender', 'cholesterol', 'gluc', 'smoke',
                                  'alco', 'active'])]), 'RF': RandomForestClassifier(criterion='entropy', max_depth=10, n_estimators=1000,
                       random_state=1608637542), 'TVAE__constraints': None, 'TVAE__metadata': {'columns': {'age': {'sdtype': 'numerical'}, 'gender': {'sdtype': 'categorical'}, 'height': {'sdtype': 'numerical'}, 'weight': {'sdtype': 'numerical'}, 'ap_hi': {'sdtype': 'numerical'}, 'ap_lo': {'sdtype': 'numerical'}, 'cholesterol': {'sdtype': 'categorical'}, 'gluc': {'sdtype': 'categorical'}, 'smoke': {'sdtype': 'categorical'}, 'alco': {'sdtype': 'categorical'}, 'active': {'sdtype': 'categorical'}, 'target': {'sdtype': 'categorical'}}, 'METADATA_SPEC_VERSION': 'SINGLE_TABLE_V1'}, 'TVAE__model': <class 'sdv.single_table.ctgan.TVAESynthesizer'>, 'TVAE__model_params': {'epochs': 1000}, 'TVAE__n_rows': None, 'TVAE__random_state': 1608637542, 'PREP__force_int_remainder_cols': False, 'PREP__n_jobs': None, 'PREP__remainder__copy': True, 'PREP__remainder__with_mean': True, 'PREP__remainder__with_std': True, 'PREP__remainder': StandardScaler(), 'PREP__sparse_threshold': 0.3, 'PREP__transformer_weights': None, 'PREP__transformers': [('OHE', OneHotEncoder(handle_unknown='infrequent_if_exist', sparse_output=False), ['gender', 'cholesterol', 'gluc', 'smoke', 'alco', 'active'])], 'PREP__verbose': False, 'PREP__verbose_feature_names_out': True, 'PREP__OHE': OneHotEncoder(handle_unknown='infrequent_if_exist', sparse_output=False), 'PREP__OHE__categories': 'auto', 'PREP__OHE__drop': None, 'PREP__OHE__dtype': <class 'numpy.float64'>, 'PREP__OHE__feature_name_combiner': 'concat', 'PREP__OHE__handle_unknown': 'infrequent_if_exist', 'PREP__OHE__max_categories': None, 'PREP__OHE__min_frequency': None, 'PREP__OHE__sparse_output': False, 'RF__bootstrap': True, 'RF__ccp_alpha': 0.0, 'RF__class_weight': None, 'RF__criterion': 'entropy', 'RF__max_depth': 10, 'RF__max_features': 'sqrt', 'RF__max_leaf_nodes': None, 'RF__max_samples': None, 'RF__min_impurity_decrease': 0.0, 'RF__min_samples_leaf': 1, 'RF__min_samples_split': 2, 'RF__min_weight_fraction_leaf': 0.0, 'RF__monotonic_cst': None, 'RF__n_estimators': 1000, 'RF__n_jobs': None, 'RF__oob_score': False, 'RF__random_state': 1608637542, 'RF__verbose': 0, 'RF__warm_start': False}",42,154.0271009
Sample_Size,13725.0,4758.0,3470.0,1288.0,8967.0,6553.0,2414.0,TVAE|PREP|RF,"{'memory': None, 'steps': [('TVAE', SDVGenerator(metadata={'METADATA_SPEC_VERSION': 'SINGLE_TABLE_V1',
                       'columns': {'active': {'sdtype': 'categorical'},
                                   'age': {'sdtype': 'numerical'},
                                   'alco': {'sdtype': 'categorical'},
                                   'ap_hi': {'sdtype': 'numerical'},
                                   'ap_lo': {'sdtype': 'numerical'},
                                   'cholesterol': {'sdtype': 'categorical'},
                                   'gender': {'sdtype': 'categorical'},
                                   'gluc': {'sdtype': 'categorical'},
                                   'height': {'sdtype': 'numerical'},
                                   'smoke': {'sdtype': 'categorical'},
                                   'target': {'sdtype': 'categorical'},
                                   'weight': {'sdtype': 'numerical'}}},
             model=<class 'sdv.single_table.ctgan.TVAESynthesizer'>,
             model_params={'epochs': 1000}, random_state=1608637542)), ('PREP', ColumnTransformer(force_int_remainder_cols=False, remainder=StandardScaler(),
                  transformers=[('OHE',
                                 OneHotEncoder(handle_unknown='infrequent_if_exist',
                                               sparse_output=False),
                                 ['gender', 'cholesterol', 'gluc', 'smoke',
                                  'alco', 'active'])])), ('RF', RandomForestClassifier(criterion='entropy', max_depth=10, n_estimators=1000,
                       random_state=1608637542))], 'verbose': False, 'TVAE': SDVGenerator(metadata={'METADATA_SPEC_VERSION': 'SINGLE_TABLE_V1',
                       'columns': {'active': {'sdtype': 'categorical'},
                                   'age': {'sdtype': 'numerical'},
                                   'alco': {'sdtype': 'categorical'},
                                   'ap_hi': {'sdtype': 'numerical'},
                                   'ap_lo': {'sdtype': 'numerical'},
                                   'cholesterol': {'sdtype': 'categorical'},
                                   'gender': {'sdtype': 'categorical'},
                                   'gluc': {'sdtype': 'categorical'},
                                   'height': {'sdtype': 'numerical'},
                                   'smoke': {'sdtype': 'categorical'},
                                   'target': {'sdtype': 'categorical'},
                                   'weight': {'sdtype': 'numerical'}}},
             model=<class 'sdv.single_table.ctgan.TVAESynthesizer'>,
             model_params={'epochs': 1000}, random_state=1608637542), 'PREP': ColumnTransformer(force_int_remainder_cols=False, remainder=StandardScaler(),
                  transformers=[('OHE',
                                 OneHotEncoder(handle_unknown='infrequent_if_exist',
                                               sparse_output=False),
                                 ['gender', 'cholesterol', 'gluc', 'smoke',
                                  'alco', 'active'])]), 'RF': RandomForestClassifier(criterion='entropy', max_depth=10, n_estimators=1000,
                       random_state=1608637542), 'TVAE__constraints': None, 'TVAE__metadata': {'columns': {'age': {'sdtype': 'numerical'}, 'gender': {'sdtype': 'categorical'}, 'height': {'sdtype': 'numerical'}, 'weight': {'sdtype': 'numerical'}, 'ap_hi': {'sdtype': 'numerical'}, 'ap_lo': {'sdtype': 'numerical'}, 'cholesterol': {'sdtype': 'categorical'}, 'gluc': {'sdtype': 'categorical'}, 'smoke': {'sdtype': 'categorical'}, 'alco': {'sdtype': 'categorical'}, 'active': {'sdtype': 'categorical'}, 'target': {'sdtype': 'categorical'}}, 'METADATA_SPEC_VERSION': 'SINGLE_TABLE_V1'}, 'TVAE__model': <class 'sdv.single_table.ctgan.TVAESynthesizer'>, 'TVAE__model_params': {'epochs': 1000}, 'TVAE__n_rows': None, 'TVAE__random_state': 1608637542, 'PREP__force_int_remainder_cols': False, 'PREP__n_jobs': None, 'PREP__remainder__copy': True, 'PREP__remainder__with_mean': True, 'PREP__remainder__with_std': True, 'PREP__remainder': StandardScaler(), 'PREP__sparse_threshold': 0.3, 'PREP__transformer_weights': None, 'PREP__transformers': [('OHE', OneHotEncoder(handle_unknown='infrequent_if_exist', sparse_output=False), ['gender', 'cholesterol', 'gluc', 'smoke', 'alco', 'active'])], 'PREP__verbose': False, 'PREP__verbose_feature_names_out': True, 'PREP__OHE': OneHotEncoder(handle_unknown='infrequent_if_exist', sparse_output=False), 'PREP__OHE__categories': 'auto', 'PREP__OHE__drop': None, 'PREP__OHE__dtype': <class 'numpy.float64'>, 'PREP__OHE__feature_name_combiner': 'concat', 'PREP__OHE__handle_unknown': 'infrequent_if_exist', 'PREP__OHE__max_categories': None, 'PREP__OHE__min_frequency': None, 'PREP__OHE__sparse_output': False, 'RF__bootstrap': True, 'RF__ccp_alpha': 0.0, 'RF__class_weight': None, 'RF__criterion': 'entropy', 'RF__max_depth': 10, 'RF__max_features': 'sqrt', 'RF__max_leaf_nodes': None, 'RF__max_samples': None, 'RF__min_impurity_decrease': 0.0, 'RF__min_samples_leaf': 1, 'RF__min_samples_split': 2, 'RF__min_weight_fraction_leaf': 0.0, 'RF__monotonic_cst': None, 'RF__n_estimators': 1000, 'RF__n_jobs': None, 'RF__oob_score': False, 'RF__random_state': 1608637542, 'RF__verbose': 0, 'RF__warm_start': False}",42,154.0271009
